id_polo,uf_polo,municipio_polo,nome_polo,nome_fantasia,polo_logradouro,polo_numero,polo_bairro,polo_cep,polo_complemento
1,AC,Acrelândia,ACRELANDIA - CENTRO,CEDUP (CENTRO ESTADUAL DE EDUCACAO PERMANENTE),RUA ADNILSON ROGÉRIO DE OLIVEIRA,951,CENTRO ,69945000,CENTRO DE EDUCAÇÂO A DISTANCIA
2,AC,Brasiléia,BRASILEIA - CENTRO,POLO UAB - BRASILEIA,AVENIDA PREFEITO ROLANDO MOREIRA,230,CENTRO,69932000,CENTRO ESTADUAL DE EDUCAÇÃO PERMANENTE - CEDUP
3,AC,Cruzeiro do Sul,CRUZEIRO DO SUL - CENTRO,CENTRO ESTADUAL DE EDUCACAO  PERMANENTE-CEDUP/UAB,RUA RUI BARBOSA,515,CENTRO,69980000,
4,AC,Feijó,FEIJO - CIDADE NOVA,CENTRO ESTADUAL DE EDUCACAO A DISTANCIA - FEIJO - UAB,TV. EDMUNDO RIBEIRO DO CARMO,220,CIDADE NOVA,69960000,CENTRO DE EDUCAÇÃO A DISTÂNCIA
5,AC,Rio Branco,RIO BRANCO - VILA IVONETE,CENTRO  DE EDUCACAO PERMANENTE DE RIO BRANCO -CEDUP,Getúlio Vargas,3030,Vila Ivonete,69914000,
6,AC,Sena Madureira,SENA MADUREIRA - CSU,"CENTRO DE EDUCACAO PERMANENTE -CEDUP - ""HEDY RIBEIRO DE QUEIROZ"" - SENA MADUREIRA - UAB",RUA JOÃO MARÇAL,231,CSU,69940000,ESQUINA COM A RUA MARANHÃO
7,AC,Tarauacá,TARAUACA - CENTRO,POLO UAB - CENTRO ESTADUAL DE EDUCACAO PERMANENTE (CEDUP),RUA BENJAMIN CONSTANT ,1350,CENTRO,69970000,CENTRO DE ENSINO SUPERIOR A DISTÂNCIA DE TARAUACA
8,AC,Xapuri,XAPURI - CENTRO,CENTRO ESTADUAL DE EDUCACAO A DISTANCIA - XAPURI - UAB,Rua Banjamin Constant,S/N,CENTRO,69930000,
9,AL,Maceió,MACEIO - TABULEIRO DO MARTINS,CAMPUS A. C. SIMOES - MACEIO - UAB,AV. LOURIVAL DE MELO MOTA,,TABULEIRO DO MARTINS,57072970," Universidade federal de alagoas, km 97,6, br 104,"
10,AL,Maragogi,MARAGOGI - CENTRO,POLO UAB - MARAGOGI,PRAÇA MARIDITE ACIOLI,S/N,CENTRO,57955000,1° andar do B. Brasil
11,AL,Olho d'agua das Flores,OLHO D'AGUA DAS FLORES - CENTRO,POLO DE APOIO PRESENCIAL UAB DE OLHO D'AGUA DAS FLORES,Rua 06 de Fevereiro,s/n,Centro,57442000,
12,AL,Santana do Ipanema,SANTANA DO IPANEMA - NOVO CENTRO COMERCIAL,POLO UAB - SANTANA DO IPANEMA,PRAÇA DR ADELSON ISAAC DE MIRANDA,242,Novo Centro Comercial,57500000, 
14,AM,Lábrea,LABREA - CENTRO,POLO UAB - LABREA,Av Coronel Luis Gomes,211,Centro,69830000, 
16,AM,Maués,MAUES - SANTA LUZIA,POLO PRESENCIAL MUNICIPIO DE MAUES - MAUES - UAB,RUA BEIRA MATO,S/N,SANTA LUZIA,69190000,
17,AP,Santana,SANTANA - NOVA BRASÍLIA,POLO UAB - SANTANA,AV: ANTONIO NUNES,1206,NOVA BRASÍLIA,68927248, 
18,AP,Vitória do Jari,VITORIA DO JARI - CIDADE LIVRE,POLO UNIVERSITARIO CAULIM DA AMAZONIA - VITORIA DO JARI - UAB,Prédio,s/n,Cidade Livre,68924000,
19,BA,Bom Jesus da Lapa,BOM JESUS DA LAPA - AMARALINA,POLO DE APOIO PRESENCIAL DE BOM JESUS DA LAPA,AVENIDA AGENOR MAGALHÃES,s/n,AMARALINA,47600000, ao lado da estádio Bejamin Farah
20,BA,Camaçari,CAMACARI - BAIRRO DO NATAL,POLO UAB - CAMACARI,Rua do Telégrafo,S/N,Bairro do Natal,42809000,Cidade do Saber
21,BA,Carinhanha,CARINHANHA - CENTRO,POLO UAB - POLO EDUCACIONAL DONA CARMEN/CARINHANHA,PRAÇA DO EDUCANDÁRIO ,1,CENTRO,46445000, próximo a praça beira rio
22,BA,Dias d'Ávila,DIAS D'AVILA - NOVA DIAS D'AVILA,POLO UAB - DIAS D'AVILA,RUA CAJAHIBA,221,NOVA DIAS D'ÁVILA,42850000, ESCOLA PROFESSORA ANFRÍSIA SANTIAGO
23,BA,Esplanada,ESPLANADA - CENTRO,POLO UAB - ESPLANADA,Praça Nossa Senhora da Pompéia,172,Centro,48370000,Colégio Dr. Antonio Carlos Magalhães
24,BA,Ipupiara,IPUPIARA - CENTRO,POLO UAB - IPUPIARA, RUA Aurora,5,CENTRO,47590000, 
25,BA,Itamaraju,ITAMARAJU - JAQUEIRA,POLO UAB - ITAMARAJU,RUA IRMÃOS ANDRADA ,1635,JAQUEIRA,45836000, 
26,BA,Itanhém,ITANHEM - SAO JOAO,CENTRO DE EDUCACAO ABERTA E A DISTANCIA DE ITANHEM - CEADI,Rua Nova Venécia,sn,São João,45970000,
27,BA,Itapicuru,ITAPICURU - CENTRO,POLO UAB - ITAPICURU,Pra da Bandeira,s/n,centro,48475000,centro
28,BA,Jacaraci,JACARACI - CENTRO,POLO DE APOIO PRESENCIAL DA UNIVERSIDADE ABERTA DO BRASIL - JACARACI - BAHIA,AVENIDA MOZART DAVID,s/n,CENTRO,46310000,ao lado da biblioteca municipal
29,BA,Lauro de Freitas,LAURO DE FREITAS - IPITANGA,POLO UAB - LAURO DE FREITAS,Rua dos Vereadores,s/n,Ipitanga,42700000,Joquei Clube
30,BA,Mata de São João,MATA DE SAO JOAO - CENTRO,MARIA ODILIA VASCONCELOS,RUA MARECHAL DEODORO,36,CENTRO,48280000, 
31,BA,Mundo Novo,MUNDO NOVO - CENTRO,POLO UAB MUNDO NOVO,Rua José Carlos da Mota,S/N,CENTRO,44800000,
32,BA,Paratinga,PARATINGA - SAO JOAO,POLO DA APOIO PRESENCIAL - PARATINGA - UAB,RUA SÃO JOÃO,S/Nº,SÃO JOÃO,47500000,PRÉDIO
33,BA,Piritiba,PIRITIBA - CENTRO,POLO UAB DE APOIO PRESENCIAL DE PIRITIBA - BA,Praça Professor Luís Rogério,S/N,Centro,44830000,
35,BA,São Sebastião do Passé,SAO SEBASTIAO DO PASSE - RODOVIA,POLO UAB - SAO SEBASTIAO DO PASSE - BA,"BR 110, KM 10                              ",S/N,RODOVIA,43850000,
36,BA,Senhor do Bonfim,SENHOR DO BONFIM - BARBOSA SANTOS,POLO UAB - SENHOR DO BONFIM,RUA JOSÉ FRANSCISCO,S/N,BARBOSA SANTOS,48970000,REFERENCIA CODETAN
37,BA,Simões Filho,SIMOES FILHO - C.I.A 1,POLO UAB-SIMOES FILHO,Avenida Elmo Serejo Farias,2345,C.I.A 1,43700000, Ao lado do Colégio Metropolitano
38,CE,Aracati,ARACATI - AEROPORTO,POLO UAB - ARACATI,Br 304 - Km 44,200,Aeroporto,62800000,E. E. F. Antônio monteiro
39,CE,Aracoiaba,ARACOIABA - CONJUNTO SOLON LIMAVERDE,POLO UAB - ARACOIABA,AV. MANOEL BATISTA DA SILVA,,CONJUNTO SOLON LIMAVERDE,62755000, 
40,CE,Barbalha,BARBALHA - BURITI,POLO UAB - BARBALHA,AV JOSÉ BERNADINO CAVALCANTE LEITE,SN,BURITI,63180000,KM 04
41,CE,Camocim,CAMOCIM - CENTRO,POLO UAB - CAMOCIM,RUA DA INDEPENDÊNCIA ,412,CENTRO,62400000, 
42,CE,Caucaia,CAUCAIA - JUREMA,POLO UAB CAUCAIA 2 - ESCOLA RUBENS VAZ(JUREMA) ,AV. NOVO HORIZONTE,,JUREMA,61695000,CONJUNTO MARECHAL RONDON
43,CE,Caucaia,CAUCAIA - NOVO PABUSSU,MARIA DOLORES MENEZES DE ALMEIDA - POLO UAB DE CAUCAIA 1( PROVISORIO),RUA DA CONSOLAÇÃO,465,NOVO PABUSSÚ,61600310, 
44,CE,Caucaia,CAUCAIA - ITAMBE I,POLO UAB CAUCAIA 3 - ESCOLA FLAVIO PORTELA MARCILIO(SEDE),"RUA 05,CONJUNTO VICENTE ARRUDA",23,ITAMBÉ I,61600000,ESCOLA DE ENS. FUNDAMENTAL FLÁVIO PORTELA MARCÍLIO
45,CE,Fortaleza,FORTALEZA - DAMAS,UNIVERSIDADE POPULAR DE FORTALEZA,Av. João Pessoa,5609,Damas,60425682,Campus do Imparh
46,CE,Limoeiro do Norte,LIMOEIRO DO NORTE - SANTA LUZIA - CENTRO,POLO UAB - LIMOEIRO DO NORTE,RUA JOSE HAMILTON DE OLIVEIRA,160,SANTA LUZIA - CENTRO,62930000,SECRETARIA DE EDUCA??O
47,CE,Meruoca,MERUOCA - CENTRO,POLO UAB - MERUOCA,Praça Caetano Alves,s/n,CENTRO,62130000,
48,CE,Quixadá,QUIXADA - CEDRO VELHO,POLO MUNICIPAL DE APOIO PRESENCIAL DA UAB DE QUIXADA - CE,"Estrada do Açude do Cedro, KM 05",S/N,Cedro Velho,63900000,IFCE Quixadá
49,CE,Quixeramobim,QUIXERAMOBIM - DISTRITO INDUSTRIAL,POLO ESTADUAL DE QUIXERAMOBIM - CENTEC,Av: GERALDO BIZARRIA DE CARVALHO,S/N,DISTRITO INDUSTRIAL,63800000,VIZINHO A ESCOLA AGRÍCOLA
50,CE,Quixeramobim,QUIXERAMOBIM - CENTRO,POLO UNIVERSITARIO DR. ANDRADE FURTADO - QUIXERAMOBIM (MUNICIPIO) - UAB,"AVENIDA  DR. JOAQUIM FERNANDES,BLOCO C",382,CENTRO,63800000, 
51,CE,Russas,RUSSAS - YPIRANGA,POLO ESTADUAL DE RUSSAS - UAB,TRAVESSA PEDRO ARAÚJO,sn,YPIRANGA,62900000, 
52,CE,São Gonçalo do Amarante,SAO GONCALO DO AMARANTE - LIBERDADE,POLO UAB - SAO GONCALO DO AMARANTE,RUA ESTRADA DA LIBERDADE ,s/n,LIBERDADE,62670000, 
53,CE,Ubajara,UBAJARA - CENTRO,POLO UAB - UBAJARA,AVENIDA CORONEL FRANCISCO CAVALCANTE,503,CENTRO,62350000,
54,ES,Afonso Cláudio,AFONSO CLAUDIO - CUSTODIO LEITE RIBEIRO,CENTRO MUNICIPAL DE EDUCACAO ABERTA E A DISTANCIA DE AFONSO CLAUDIO - UAB,ALAMEDA NOSSA SENHORA DE LOURDES,111,CUSTÓDIO LEITE RIBEIRO,29600000, 
55,ES,Aracruz,ARACRUZ - CENTRO,POLO DE APOIO PRESENCIAL DA UAB E CENTRO DE FORMACAO DE PROFESSORES JOSE MODENESE - ARACRUZ,RUA GENERAL ARISTIDES GUARANÁ,23,CENTRO,29190050, 
56,ES,Baixo Guandu,BAIXO GUANDU - CENTRO,POLO UAB - BAIXO GUANDU,RUA FRITZ VON LUTZOW,217,Centro,29730000,Edifício
57,ES,Bom Jesus do Norte,BOM JESUS DO NORTE - CENTRO,POLO UAB DE APOIO PRESENCIAL DE BOM JESUS DO NORTE-ES ,AV. GOVERNADOR FRANCISCO LACERDA DE AGUIAR,S/Nº,CENTRO,29460000,
58,ES,Castelo,CASTELO - VILA ISABEL,POLO UAB - CASTELO,"Praça Mário Lima, número",43,Vila Isabel,29360000, Escola Madalena Pisa
59,ES,Conceição da Barra,CONCEICAO DA BARRA - CENTRO,POLO MUNICIPAL DE APOIO PRESENCIAL - CENTRO MUNICIPAL DE EDUCACAO ABERTA E A DISTANCIA DE CONCEICAO DA BARRA - CEME@D - UAB,Rua Vidilino Matos de Lima,s/n,Centro,29960000,Prédio da cozinha industrial
60,ES,Domingos Martins,DOMINGOS MARTINS - CENTRO,POLO MUNICIPAL DE APOIO PRESENCIAL DE DOMINGOS MARTINS - UAB,TRAVESSA AUGUSTO SCHWAMBACH,87,CENTRO,29260000, 
61,ES,Ecoporanga,ECOPORANGA - CENTRO,POLO UNIVERSITARIO DE APOIO PRESENCIAL DA UNIVERSIDADE ABERTA DO BRASIL DE ECOPORANGA,Rua José Cruz,s/n°,CENTRO,29850000,
62,ES,Itapemirim,ITAPEMIRIM - CENTRO,POLO DE APOIO PRESENCIAL DO SISTEMA UNIVERSIDADE ABERTA DO BRASIL - UAB DE ITAPEMIRIM/ES.,AVENIDA CRISTIANO DIAS LOPES FILHO,s/nº,CENTRO,29330000, 
63,ES,Iúna,IUNA - NITEROI,POLO MUNICIPAL DE EDUCACAO ABERTA E A DISTANCIA  DE IUNA,AV. MINTAS OSÓRIO DE MATTOS,1459,NITEROI,29390000,PARQUE DE EXPOSIÇÕES CASSIANO OSÓRIO JÚNIOR
64,ES,Mantenópolis,MANTENOPOLIS - CENTRO, POLO MUNICIPAL DE APOIO PRESENCIAL DE MANTENOPOLIS/ES  CEME@AD -CENTRO MUNICIPAL DE EDUCACAO ABERTA E A DISTANCIA,Av. TIRADENTES ,,CENTRO,29770000,EM CIMA DA RODOVIÁRIA
65,ES,Mimoso do Sul,MIMOSO DO SUL - CHACARA DO CHAFARIZ,POLO MUNICIPAL DE APOIO PRESENCIAL - CENTRO MUNICIPAL DE EDUCACAO ABERTA E DISTANCIA - MIMOSO DO SUL - UAB,RUA PROJETADA  ,s/n,CHÁCARA DO CHAFARIZ,29400000, Pombal
67,ES,Pinheiros,PINHEIROS - CENTRO,CESP- CENTRO DE EDUCACAO SUPERIOR DE PINHEIROS - UAB,Rua: General Rondon,S/N,CENTRO,29980000,Bairro  Nova Canaã
68,ES,Piúma,PIUMA - CENTRO,POLO UAB - PIUMA,Rua Jair Novais,56,Centro,29285000,
69,ES,Santa Leopoldina,SANTA LEOPOLDINA - CENTRO,POLO DE APOIO PRESENCIAL/UAB - UNIVERSIDADE ABERTA DO BRASIL,RUA MOXAFONGO,s/n,CENTRO,29640000, PRÉDIO
70,ES,Vargem Alta,VARGEM ALTA - CENTRO,"POLO MUNICIPAL DE APOIO PRESENCIAL CEMEAD ""ISAAC THOMPSON DE PAULA ""VARGEM ALTA - UAB", RUA PEDRO ISRAEL DAVID,500,CENTRO,29295000, 
73,GO,Aguas Lindas de Goiás,AGUAS LINDAS DE GOIAS - MANSOES OLINDA,POLO UAB - AGUAS LINDAS DE GOIAS,RUA 13 - QUADRA A1 LOTE 02 ,,MANSÕES OLINDA,72910000, 
74,GO,Alexânia,ALEXANIA - FAZENDA CACHOEIRA,"POLO UAB - ALEXANIA ""CORA CORALINA""",GO 139 KM 02 ,,FAZENDA CACHOEIRA,72930000,ESCOLA AGRÍCOLA LOTHAR SCHILLER 
75,GO,Alto Paraíso de Goiás,ALTO PARAISO DE GOIAS - CENTRO,POLO UAB ALTO PARAISO DE GOIAS,RUA SÃO JORGE QUADRA 26 PARTE DA  APM 6,,CENTRO,73770000, 
76,GO,Aparecida de Goiânia,APARECIDA DE GOIANIA - VILA BRASILIA,CENTRO MUNICIPAL DE EDUCACAO PROFISSIONAL - APARECIDA DE GOIANIA - UAB,"AV. RUDÁ ESQUINA COM A RUA PINDORAMA QD 37""""A"""" LT. 1/2 ",S/N,VILA BRASILIA,74905760, 
77,GO,Catalão,CATALAO - JARDIM PRIMAVERA,POLO UAB - CATALAO,Rua das Violetas,100,Jardim Primavera,75712735,
78,GO,Cezarina,CEZARINA - CENTRO,CENTRO DE ENSINO SUPERIOR DE CEZARINA -UAB,Rui Rui Barbosa,159,Centro,76195000,
79,GO,Formosa,FORMOSA - ABREU,POLO DE APOIO PRESENCIAL DO MUNICIPIO DE FORMOSA - UAB,Travessa Poli Coelho,25,Abreu,73803065,Vila Yara
80,GO,Goianésia,GOIANESIA - SANTA LUZIA,POLO DE APOIO PRESENCIAL DA UAB DE GOIANESIA,RUA 37,354,SANTA LUZIA,76380000,colégio estadual salvador leite
81,GO,São Simão,SAO SIMAO - POPULAR,POLO UAB - SAO SIMAO,"rua 14, esquina com 21 e 25.",,POPULAR,75890000,Escola Municipal de Ensino Fundamental  José porfírio nogueira
82,GO,Uruana,URUANA - CENTRO,POLO UAB DE URUANA-GO,RUA 13 ,S/N,CENTRO,76335000, 
83,MA,Imperatriz,IMPERATRIZ - PRACA UNIAO,POLO UAB IMPERATRIZ,Dom Pedro II,S/N,Praça União,65901090,
84,MA,Porto Franco,PORTO FRANCO - VILA SAO FRANCISCO,POLO UAB - PORTO FRANCO,Av. Tiradentes,2060,Vila São Francisco,65970000, 
85,MG,Alterosa,ALTEROSA - CRUZEIRO,POLO DE EDUCACAO A DISTANCIA DA BAIXA MOGIANA - ALTEROSA - UAB,Rua José Joaquim Terra,65,Cruzeiro,37145000,
86,MG,Araçuaí,ARACUAI - CENTRO,CAED - ARACUAI - UAB,PRAÇA OLEGÁRIO MACIEL,32,CENTRO,39600000, 
87,MG,Araguari,ARAGUARI - FATIMA,POLO DE APOIO PRESENCIAL DE ARAGUARI - UAB,Praça Augusto Diniz,55,Fátima,38442148,
88,MG,Bicas,BICAS - CENTRO,POLO REGIONAL UNIVERSITARIO DE BICAS - UAB, RUA CÔNEGO PIO ,,CENTRO,36600000, 
89,MG,Boa Esperança,BOA ESPERANCA - OZANAN,POLO UAB - BOA ESPERANCA,Tonico Rodrigues,480,Ozanan,37170000,
90,MG,Buritis,BURITIS - VEREDAS,POLO UNIVERSITARIO DE BURITIS,Rua Ouro Preto,211,VEREDAS,38660000, 
91,MG,Cambuí,CAMBUI - CENTRO,POLO UAB - CAMBUI,"RUA JOÃO MOREIRA SALLES,1º ANDAR ",690,CENTRO,37600000, 1º aNDAR
92,MG,Campos Gerais,CAMPOS GERAIS - CENTRO,POLO UAB - CAMPOS GERAIS,Rua: Jorge de Paula Meinberg. ,689,Centro,37160000,
93,MG,Conselheiro Lafaiete,CONSELHEIRO LAFAIETE - SAO DIMAS,POLO UAB - CONSELHEIRO LAFAIETE,Rua Padre Teófilo Reyn,990,São Dimas,36400000, 
94,MG,Corinto,CORINTO - CLARINDO DE PAIVA,CENTRO TECNOLOGICO EDUCACIONAL DE CORINTO - CETEC - CORINTO - UAB,RUA RISOLETA LIMA,1041,CLARINDO DE PAIVA,39120000, Próximo ao posto RN
95,MG,Coromandel,COROMANDEL - SAO DOMINGOS,POLO DE APOIO PRESENCIAL UAB COROMANDEL,Rua Sebastião Lopes Pereira,264,São Domingos,38550000,
96,MG,Divinolândia de Minas,DIVINOLANDIA DE MINAS - CENTRO,"POLO UAB -"" PROFESSOR JOSE COELHO PERPETUO"" - DIVINOLANDIA DE MINAS -",PRAÇA PROFº CARVALHAIS,50,CENTRO,39735000,ESCOLA MUNICIPAL RUI BARBOSA
97,MG,Formiga,FORMIGA - ROSARIO,POLO UAB - FORMIGA,"Praça Padre Daniel Nascimento Lindo, ",1,ROSÁRIO,35570000,Escola Municipal Lídia Braga
98,MG,Governador Valadares,GOVERNADOR VALADARES - CENTRO,UAB - POLO DE APOIO PRESENCIAL DE EDUCACAO A DISTANCIA DE GOVERNADOR VALADARES,Rua Sete de Setembro,2479,Centro,35010172, 
99,MG,Ilicínea,ILICINEA - JARDIM PRIMAVERA,POLO UAB - ILICINEA,AVENIDA XV DE NOVEMBRO,1457,JARDIM PRIMAVERA,37175000, 
100,MG,Ipatinga,IPATINGA - BOM RETIRO,POLO UAB DE IPATINGA - UNIVERSIDADE ABERTA DO BRASIL,AV. FERNANDO DE NORONHA,490,BOM RETIRO,35160225, Anexo a Escola Municipal Padre Cícero de Castro
101,MG,Itabira,ITABIRA - AMAZONAS,POLO DE APOIO PRESENCIAL DE ITABIRA - UAB,Rua São Paulo,377,Amazonas,35900373,
102,MG,Itamonte,ITAMONTE - CENTRO,POLO UAB - ITAMONTE ,Rua Presidente Vagas,149,CENTRO,37466000, 
103,MG,Januária,JANUARIA - VILA FATIMA,POLO UAB - JANUARIA,Rua do Sertanejo  ,212,Vila Fátima,39480000, Prédio do Campus/UNIMONTES
104,MG,João Monlevade,JOAO MONLEVADE - VILA TANQUE,POLO DE APOIO PRESENCIAL UAB - JOAO MONLEVADE,Rua Dezesseis,24,Vila Tanque,35930408,Bloco 3 e 4
105,MG,Lagamar,LAGAMAR - CENTRO,ENSINO A DISTANCIA DANIEL VINICIUS SANTOS MOURA - LAGAMAR - UAB,RUA AMAZONAS ,147 A,CENTRO,38785000, 
107,MG,Salinas,SALINAS - CENTRO,POLO DE APOIO PRESENCIAL DO SISTEMA UAB - SALINAS,PRAÇA DR. MORAIS,114,CENTRO,39560000, 
108,MG,Santa Rita de Caldas,SANTA RITA DE CALDAS - CENTRO,POLO PRESENCIAL UAB - SANTA RITA DE CALDAS,RUA PREFEITO SEBASTIÃO JANUZI,20,CENTRO,37775000, 
109,MG,São João del Rei,SAO JOAO DEL REI - TEJUCO,POLO DE APOIO PRESENCIAL DE SAO JOAO DEL-REI - UAB,Avenida General Osório,779,Tejuco,36300000,
110,MG,Teófilo Otoni,TEOFILO OTONI - VILA SANTA CLARA,CENTRO DE APOIO A EDUCACAO A DISTANCIA - TEOFILO OTONI - UAB,RUA ARISTÓTELES DANTAS GUIMARÃES,166,VILA SANTA CLARA,39800000, 
111,MG,Uberaba,UBERABA - BOA VISTA,POLO DE APOIO DE PRESENCIAL DE UBERABA - UAB,AVENIDA ELIAS CRUVINEL ,1045,BOA VISTA,28070100,ESCOLA MUN. BOA VISTA
112,MS,Água Clara,AGUA CLARA - JARDIM DAS PALMEIRAS,POLO UAB - AGUA CLARA,RUA ALBERICO BARBOSA DE SOUZA,39,JARDIM DAS PALMEIRAS,79680000, 
113,MS,Rio Brilhante,RIO BRILHANTE - ZONA RURAL,POLO UAB - RIO BRILHANTE,Br.163 - Km 314,,ZONA RURAL,79130000, Fazenda CAdeado Parte II
114,MS,São Gabriel do Oeste,SAO GABRIEL DO OESTE - ZONA RURAL,POLO DE APOIO PRESENCIAL DA UAB EM SAO GABRIEL DO OESTE,Rodovia São Gabriel Rio Negro Km 04,,Zona Rural,79490000,Antiga Escola Agrícola
115,MT,Juara,JUARA - CENTRO,POLO UAB - JUARA,RUA PIRACICABA,105-W,CENTRO,78575000,
116,MT,Pontes e Lacerda,PONTES E LACERDA - CENTRO,POLO UAB - PONTES E LACERDA,Avenida Bom Jesus,643,Centro,78250000,escola
117,MT,Primavera do Leste,PRIMAVERA DO LESTE - CENTRO,POLO UAB - PRIMAVERA DO LESTE,Av. Porto Alegre,30,Centro,78850000,
118,MT,Ribeirão Cascalheira,RIBEIRAO CASCALHEIRA - SETOR INDUSTRIAL,POLO RUI BARBOSA - RIBEIRAO CASCALHEIRA - UAB,Padre João Bosco,2918,Setor Industrial,78675000,Centro de Educaçã oa Distancia
119,MT,São Félix do Araguaia,SAO FELIX DO ARAGUAIA - CENTRO,POLO UAB - SAO FELIX DO ARAGUAIA,Rua João Irineu,480,CENTRO,78670000, 
124,PA,Dom Eliseu,DOM ELISEU - PDS,POLO DE APOIO PRESENCIAL DE DOM ELISEU - UAB,"RUA CASTRO ALVES,PDS ",,PDS,68633000, emef manoelito sande de andrade 
126,PA,Juruti,JURUTI - MARACANA,POLO UAB - JURUTI,Rua Arnaldo Pinheiro,s/n,Maracanã,68170000,Escola Municipal Professora Zelinda de Souza Guimarães
129,PA,Parauapebas,PARAUAPEBAS - CIDADE NOVA,POLO PARAUAPEBAS - UAB,"RUA A, QUADRA ESPECIAL",,CIDADE NOVA,68515000,CEUP- CENTRO UNIVERSITÁRIO DE PARAUAPEBAS
130,PA,Redenção,REDENCAO - VILA PAULISTA,POLO CARAJAS ,Av. Ministro Oscar Thompson,750,Vila Paulista,68552140,Anexo à Escola Maria Conceição Correia
133,PA,Tailândia,TAILANDIA - NOVO,POLO UNIVERSITARIO DE TAILANDIA - UAB,AVENIDA FLORIANÓPOLIS,96,NOVO,68695000,
134,PA,Tucumã,TUCUMA - BAIRRO DAS FLORES,POLO UAB UNIVERSITARIO DE TUCUMA,RUA TUCURUI ,,BAIRRO DAS FLORES,68385000,ESCOLA MUNICIPAL ELCIONE BARBALHO
135,PB,Alagoa Grande,ALAGOA GRANDE - CONJUNTO CEHAP I,POLO UAB - ALAGOA GRANDE,Rua Francisco Carlos da Silva,,Conjunto CEHAP I,58388000,CAIC
136,PB,Araruna,ARARUNA - CENTRO,POLO UAB - ARARUNA,Rua Fausto Herminio de Araújo,S/N,CENTRO,58233000,Anexo da Igreja Matriz
137,PB,Campina Grande,CAMPINA GRANDE - CENTRO,POLO MUNICIPAL DE APOIO PRESENCIAL - CAMPINA GRANDE - UAB, RUA SANTA CLARA( LARGO DO AÇUDE NOVO),S/N,CENTRO,58400170, AO LADO DA CERVEJARIA BIG MIX
138,PB,Conde,CONDE - CENTRO,POLO DE APOIO PRESENCIAL DA UAB - CONDE,"RODOVIA PB 018 - KM 3,5",,CENTRO,58322000, 
139,PB,Cuité de Mamanguape,CUITE DE MAMANGUAPE - CENTRO,POLO UAB - CUITE DE MAMANGUAPE,RUA DA MATRIZ S/N ,,CENTRO,58289000, 
140,PB,Duas Estradas,DUAS ESTRADAS - CENTRO,POLO DE APOIO E.M.PROF  MARIA DUTRA - DUAS ESTRADAS - UAB,Rua Presidente Médici,154,Centro,58568000,Escola Municipal E. F. Diva Lira de Carvalho
141,PB,Itabaiana,ITABAIANA - JUCURI,POLO MUNICPAL DE APOIO PRESENCIAL DE ITABAIANA - UAB,RUA DO JUCURI  ,S/N,JUCURI,58360000,CAIC
142,PB,Itaporanga,ITAPORANGA - CENTRO,POLO UNIVERSITARIO DE APOIO PRESENCIAL - UAB - ITAPORANGA-PB,Avenida Padre Lourenço,328,Centro,58780000,
143,PB,João Pessoa,JOAO PESSOA - EXPEDICIONARIOS,POLO UAB JOAO PESSOA,AVENIDA MINISTRO JOSÉ AMÉRICO DE ALMEIDA ,2727,EXPEDICIONÁRIOS,58040302,
144,PB,Livramento,LIVRAMENTO - SANTO ANTONIO,POLO UAB - LIVRAMENTO,RUA ARNALDO GUILHERME DOS SANTOS,S/N,SANTO ANTONIO,58690000,PRÉDIO
145,PB,Lucena,LUCENA - FAGUNDES,POLO DE APOIO PRESENCIAL DE LUCENA - UAB,RUA SÃO JOSÉ,,FAGUNDES,58315000, 
146,PB,Mari,MARI - JOSE AMERICO,POLO UAB - MARI,RUA TEREZA SALES ,S/N,JOSÉ AMÉRICO,58345000,
147,PB,Pitimbu,PITIMBU -  CENTRO,POLO UAB DE PITIMBU,Travessa Bela Vista,S/N,Centro,58324000,
148,PB,Pombal,POMBAL - CENTRO,POLO DE APOIO PRESENCIAL DE POMBAL JARIO VIEIRA FEITOSA - POMBAL - UAB,RUA MANOEL PIRES DE SOUSA,,CENTRO,58840000, 
149,PE,Ipojuca,IPOJUCA - CENTRO,POLO DE APOIO PRESENCIAL DA UAB IPOJUCA,RUA DO COLÉGIO,,CENTRO,55590000, 
150,PE,Limoeiro,LIMOEIRO - JUA,POLO UAB - LIMOEIRO-PE,Rua São Vicente Ferrer,97,JUA,55700000,CENTRO SOCIAL URBANO-Loteamento Ladeira Vermelha 
151,PE,Olinda,OLINDA - SALGADINHO,POLO ESPACO CIENCIA - OLINDA - UAB,"COMPLEXO SALGADINHO, MEMORIAL ARCOVERDE- PARQUE II",,SALGADINHO,53111970, Complexo de Salgadinho - memorial arcoverde - parque ii - s/n
152,PE,Pesqueira,PESQUEIRA - CENTRO,POLO  UAB MONSENHOR FAUSTO DE SOUZA FERRAZ,Av Ésio Araújo,17,Centro,55200000,
153,PE,Trindade,TRINDADE - CENTRO,POLO DA UNIVERSIDADE ABERTA DO BRASIL - TRINDADE-PE,Rua 29 de Janeiro,95,CENTRO,56250000, ao lado da Escola Paulo Guerra
154,PI,Agua Branca,AGUA BRANCA - CENTRO,POLO UAB - UNIVERSIDADE ABERTA DO PIAUI - AGUA BRANCA,"AV. JOSÉ MIGUEL,",,CENTRO,6446000,polo de apoio presencial da uab - água Branca - pi
156,PI,Buriti dos Lopes,BURITI DOS LOPES - COHAB,POLO DE APOIO PRESENCIAL JOSE FRANCA DA ROCHA - BURITI DOS LOPES - UAB,RUA PROFESSORA MARIA DA GLÓRIA ,s/n,COHAB,64230000, 
157,PI,Canto do Buriti,CANTO DO BURITI - AEROPORTO,POLO MANOEL MARQUES DE ARAUJO - CANTO DO BURITI -UAB,RUA RIO GRANDE DO NORTE,702,AEROPORTO,64890000, 
158,PI,Castelo do Piauí,CASTELO DO PIAUI - CENTRO,POLO DE APOIO PRESENCIAL TERRITORIO DAS CARNAUBAIS - CASTELO DO PIAUI - UAB,Rua Joaquim Távora,537,Centro,64340000,
159,PI,Elesbão Veloso,ELESBAO VELOSO - CAPITAO MUNDOCO,POLO DE APOIO PRESENCIAL TERRITORIO VALE DO SAMBITO - ELESBAO VELOSO,PRAÇA PADRE JOSÉ PAULO DO RÊGO ,,CAPITÃO MUNDOCO,64325000,U.E. JOANA NONATA DA SILVA
160,PI,Esperantina,ESPERANTINA - CENTRO,POLO DE APOIO PRESENCIAL DA UAB EM ESPERANTINA - UAB,Av. Ministro Petrônio Portela,1957,Centro,64180000, 
161,PI,Floriano,FLORIANO - MELADAO,POLO DE APOIO PRESENCIAL DA UNIVERSIDADE ABERTA DO BRASIL- FLORIANO-PI,"BR 343 KM 3,5",,MELADÃO,64800000,CAMPUS AMÍLCAR FERREIRA SOBRAL - CAFS
162,PI,Gilbués,GILBUES - SANTO ANTONIO,POLO CHAPADA DAS MANGABEIRA - GILBUES - UAB,AV. JOÃO DIAS FIGUEIREDO,,SANTO ANTONIO,64930000,RUA DO ESTÁDIO MUNICIPAL (ANTIGO PRÉDIO DO INSTITUTO DESERT)
163,PI,Inhuma,INHUMA - LIBERDADE,POLO LUIZ DE SOUSA LEAL - INHUMA - UAB,RUA JOÃO GONÇALVES DE HOLANDA,212,LIBERDADE,64535000, 
164,PI,Piracuruca,PIRACURUCA - CENTRO,POLO TERRITORIO DOS COCAIS - PIRACURUCA - UAB,RUA TENENTE RUI BRITO,1430,CENTRO,64240000,U.E. MAGALHÃES FILHO
165,PI,São João do Piauí,SAO JOAO DO PIAUI - CENTRO,POLO DE APOIO PRESENCIAL DA UAB TERRITORIO SERRA DA CAPIVARA - SAO JOAO DO PIAUI,PRAÇA MANOEL ANTÔNIO DE SOUSA ,,CENTRO,64760000, praça do manuca ou praça da feira
166,PI,Simões,SIMOES - CENTRO,POLO TERRITORIO VALE DO RIO GUARIBAS - SIMOES - UAB,Rua Dom Expedito Lopes,s/n,centro,64585000,predio
167,PI,Simplício Mendes,SIMPLICIO MENDES - CENTRO,POLO DE APOIO PRESENCIAL UAB ANTONIO DE MOURA FE/ SIMPLICIO MENDES,RUA PIO SÉVIO,,CENTRO,64700000, 
168,PI,Uruçuí,URUCUI - MALVINAS,POLO TABULEIROS DO ALTO PARNAIBA - URUCUI - UAB,RUA ALMIR BENVINDO ,,MALVINAS,64860000, 
169,PR,Astorga,ASTORGA - VILA SAMUEL,POLO MUNICIPAL DE APOIO PRESENCIAL EAD-UAB-ASTORGA,Rua Paulo Tadaschi Satomi ,581,Vila Samuel,86730000,Escola Municipal Antenor Balarotti
170,PR,Cidade Gaúcha,CIDADE GAUCHA - RODOVIA,POLO UAB DE APOIO PRESENCIAL CIDADE GAUCHA - PR,Rodovia PR 482 - KM 45 ,,RODOVIA,87820000,UEM - CAMPUS DO ARENITO
171,PR,Cruzeiro do Oeste,CRUZEIRO DO OESTE - CENTRO,POLO REGIONAL DE APOIO PRESENCIAL DA UAB - CRUZEIRO DO OESTE,Avenida Palmas- Esquina com a rua Faxinal,220,Centro,87400000, 
172,PR,Foz do Iguaçu,FOZ DO IGUACU - PARQUE TECNOLOGICO ITAIPU,POLO UAB - FOZ DO IGUACU,AV. TANCREDO NEVES,6731,PARQUE TECNOLÓGICO ITAIPU,85856970,FUNDAÇÃO PARQUE TECNOLÓGICO ITAIPU -   BRASIL
173,PR,Ibaiti,IBAITI - S.JUDAS TADEU,POLO UAB - POLO DE APOIO PRESENCIAL AO ENSINO SUPERIOR A DISTANCIA DE IBAITI,RUA SÃO JUDAS TADEU,190,S.JUDAS TADEU,84900000,
174,PR,Nova Londrina,NOVA LONDRINA - CENTRO,POLO UAB _ POLO MUNICIPAL DE APOIO PRESENCIAL DE NOVA LONDRINA EM EAD - UAB,PRAÇA DA MATRIZ,238,CENTRO,87970000,"ESCOLA MUNIC """"ISOLDE JULIETA ANDREATTA - E. F. nº 241"
175,PR,Nova Tebas,NOVA TEBAS - CENTRO,POLO UAB EM NOVA TEBAS,Rua Alexandre Magno,783,centro,85250000,predio
176,PR,Paranaguá,PARANAGUA - JARDIM GUARAITUBA,POLO UAB -  POLO DE APOIO PRESENCIAL AO ENSINO SUPERIOR A DISTANCIA DE PARANAGUA,RUA CAPIBARIBE,s/nº,JARDIM GUARAITUBA,83209230, ESCOLA MUNICIPAL NASCIMENTO JUNIOR
177,PR,Paranavaí,PARANAVAI - JARDIM SANTOS DUMOND,POLO UAB  DE PARANAVAI,RUA BARÃO DO CERRO AZUL,210,JARDIM SANTOS DUMOND,87706030, 
178,PR,Pato Branco,PATO BRANCO - BORTOT,POLO REGIONAL DE ENSINO SUPERIOR DE PATO BRANCO - UAB,VIA DO CONHECIMENTO -  PRT 493  KM 01,1200,BORTOT ,85503390,EM FRENTE UTFPR - CAIXA POSTAL 133 - SAIDA PARA BOM SUCESSO DO SUL
179,PR,Siqueira Campos,SIQUEIRA CAMPOS - CENTRO,POLO DE APOIO PRESENCIAL AO ENSINO SUPERIOR DE SIQUEIRA CAMPOS - UAB,Rua Paraná,2095,Centro,84940000,
180,RJ,Angra dos Reis,ANGRA DOS REIS - JACUECANGA,POLO UAB - ANGRA DOS REIS,Avenida dos Trabalhadores,179,Jacuecanga,23914360,
181,RJ,Bom Jesus do Itabapoana,BOM JESUS DO ITABAPOANA - CENTRO,POLO UAB - BOM JESUS DO ITABAPOANA,AV ROBERTO SILVEIRA,578,CENTRO,28360000,Colégio Estadual Padre Melo
182,RJ,Cantagalo,CANTAGALO - CENTRO,POLO UAB - CANTAGALO,Rua Chapot Prevost,157,Centro,28500000,
184,RJ,Itaocara,ITAOCARA - CENTRO,POLO UAB - ITAOCARA,Rua Nilo Peçanha,471,Centro,28570000,
185,RJ,Itaperuna,ITAPERUNA - PRESIDENTE COSTA E SILVA,POLO UAB - ITAPERUNA,Av. Zulamith Bittencourt - 3º pavimento,s/nº,Presidente Costa e Silva,28300000,CIEP LINA BOBARDI
186,RJ,Macaé,MACAE - IMBOACICA,POLO UAB - MACAE,"Rodovia Amaral Peixoto, km 164",s/n,Imboacica,27973030,Prédio do IFF - Campus Macaé
187,RJ,Miguel Pereira,MIGUEL PEREIRA - GOVERNADOR PORTELA,POLO UAB - MIGUEL PEREIRA,Rua Luis Eugênio,61,Governador Portela,26910000,
188,RJ,Natividade,NATIVIDADE - CENTRO,POLO UAB - NATIVIDADE,RUA VIGÁRIO JOÃO BATISTA,3,CENTRO,28380000,
189,RJ,Nova Friburgo,NOVA FRIBURGO - OLARIA,POLO UAB - NOVA FRIBURGO,Av. José Pires Barroso,s/n,Olaria,28620000,CIEP 124 Licínio Teixeira
190,RJ,Paracambi,PARACAMBI - FABRICA,POLO UAB - PARACAMBI,Rua Sebastião de Lacerda,s/n,Fábrica,26600000,
191,RJ,Petrópolis,PETROPOLIS - QUITANDINHA,POLO UAB - PETROPOLIS,"RUA DOMINGOS SILVERIO, s/n",,QUITANDINHA,25650050, 
192,RJ,Piraí,PIRAI - CENTRO,POLO UAB - PIRAI,RUA ROBERTO SILVEIRA,86,CENTRO,27175000, 
194,RJ,Resende,RESENDE - CENTRO,POLO UAB - RESENDE/RJ - PROF  WALDA VALKYRIA BRUNO,"RUA PADRE MARQUES,",68,CENTRO,27511100," 2º, 3º, 4 e 5º ANDAR"
195,RJ,Rio Bonito,RIO BONITO - PRACA DO CRUZEIRO,POLO UAB - RIO BONITO,"BR 101 (SENTIDO RIO), KM 265",,PRAÇA DO CRUZEIRO,28800000, Colégio Municipal Dr. Astério Alves de Mendonça
196,RJ,Rio de Janeiro,RIO DE JANEIRO - CAMPO GRANDE,POLO UAB - CAMPO GRANDE,"AV. MANUEL CALDEIRA DE ALVARENGA,",1203,CAMPO GRANDE,23070200, 2º ANDAR
197,RJ,Santa Maria Madalena,SANTA MARIA MADALENA - CENTRO,POLO UAB - SANTA MARIA MADALENA,Rua Honório Dubois s/n ,,Centro,28770000, CIEP 273 - Prof. Graciano C.Filho
198,RJ,São Fidélis,SAO FIDELIS - DIRLEY PERLINGEIRO DE ABREU,POLO UAB - SAO FIDELIS,Rua:Elysio da Costa Santos,s/nº,Dirley Perlingeiro de Abreu,28400000,CIEP
199,RJ,São Francisco de Itabapoana,SAO FRANCISCO DE ITABAPOANA - CENTRO,POLO UAB - SAO FRANCISCO DE ITABAPOANA,Rua Antônio Pinheiro Filho,2,Centro,28230000,
200,RJ,São Gonçalo,SAO GONCALO - GRADIM,POLO UAB - SAO GONCALO,Rua Visconde de Itauna s/n,s/nº,Gradim,24431005,CIEP 250 - Rosendo Rica Marcos
202,RJ,São Pedro da Aldeia,SAO PEDRO DA ALDEIA - NOVA SAO PEDRO DA ALDEIA,POLO UAB - SAO PEDRO DA ALDEIA,Rua A ,s/n,Nova São Pedro da Aldeia,28940970,
203,RJ,Saquarema,SAQUAREMA - RIO DE AREIA,POLO UAB - SAQUAREMA,RUA ANTONIO FERREIRA,110,Rio de Areia,28289000,2º Andar da Escola Municipal Edilson Vignoli Martins
204,RJ,Três Rios,TRES RIOS - CENTRO,POLO UAB - TRES RIOS,RUA MARECHAL DEODORO,117,CENTRO,25802220,ESCOLA MUNICIPAL WALTER FRANKLIN
205,RJ,Volta Redonda,VOLTA REDONDA - JARDIM PARAIBA,POLO UAB - VOLTA REDONDA,Rua 539,s/nº,Jardim Paraíba,27215500,Andar Inferior do Estadio Municipal Raulino de Oliveira
207,RN,Extremoz,EXTREMOZ - CENTRO,POLO UNIVERSIDADE DE EXTREMOZ DARCY RIBEIRO - EXTREMOZ - UAB,"RUA PROJETADA, LOTEAMENTO ÁUREA DE GÓIS",,CENTRO,59575000, 
208,RN,Guamaré,GUAMARE - CENTRO,POLO PRESENCIAL DE GUAMARE - RN,"Rua, Monsenhor Jose Tibúrcio",S/N,Centro,59598000,
209,RN,Luís Gomes,LUIS GOMES - CENTRO,POLO UNIVERSITARIO DE LUIS GOMES,AVENIDA SENHORA SANTANA,17,CENTRO,59940000, no prédio do Colégio Municipal Padre Osvaldo
210,RN,Martins,MARTINS - CENTRO,POLO UAB- MARTINS/RN,RUA DESEMBARGADOR HEMETÉRIO ,S/N,CENTRO,59800000,VIZINHO A CÂMARA MUNICIPAL
211,RO,Ariquemes,ARIQUEMES - SETOR INSTITUCIONAL,CENTRO DE EDUCACAO A DISTANCIA DE ARIQUEMES - POLO DE APOIO PRESENCIAL UAB  ,AVENIDA TANCREDO NEVES,3450,SETOR INSTITUCIONAL,76872862,CAMPUS DE ARIQUEMES - UNIVERSIDADE FEDERAL DE RONDÔNIA
212,RO,Chupinguaia,CHUPINGUAIA - CENTRO,POLO UAB - CHUPINGUAIA,RUA SILVANA GONÇALVES ,1492,CENTRO,76990000, 
213,RO,Ji-Paraná,JI-PARANA - JARDIM DOS MIGRANTES,POLO UAB - JI-PARANA,Rua Rio Amazonas,351,Jardim dos Migrantes,76900726,Edifício Universidade Federal de Rondônia
214,RO,Rolim de Moura,ROLIM DE MOURA - CIDADE ALTA,CENTRO DE FORMACAO TECNOLOGICO DA ZONA DA MATA ANCILA ANA TONATTO - UAB,"Av. Cecilia Meireles, esq. rua L",5656,Cidade Alta,76940000,
215,RR,Alto Alegre,ALTO ALEGRE - CENTRO,POLO UAB - ALTO ALEGRE,AV. 1 DE JULHO,N/nº,CENTRO,69350000,Estadio de Futebol
216,RR,Amajari,AMAJARI - CENTRO,POLO UAB - AMAJARI,AV. TEPEQUÉM,S/N,CENTRO,69343000,ESCOLA ESTADUAL OVÍDIO DIAS DE SOUZA
217,RR,Boa Vista,BOA VISTA - PRICUMA,POLO UAB - BOA VISTA,ALAMEDA DOS BAMBUS,525,PRICUMÃ,69309395,UNIVERSIDADE VIRTUAL DE RORAIMA
218,RR,Bonfim,BONFIM - CENTRO,UNIVIRR - BONFIM - UAB,RUA CASTRO ALVES ,,CENTRO,69380000,ESCOLA ESTADUAL ALDÉBARO JOSÉ ALCÂNTARA
220,RR,Caracaraí,CARACARAI - CENTRO,POLO UAB - CARACARAI,RUA JAPURA,S/N,Centro,69360000,
221,RR,Caroebe,CAROEBE - CENTRO,CM_CAROEBE (CENTRO MULTIMIDIA CAROEBE ) - UAB,AV. PAULINO GOMES DA COSTA,12,CENTRO,69378000, Escola Estadual Dom Pedro I
222,RR,Iracema,IRACEMA - CENTRO,POLO UAB - IRACEMA,Avenida Isidorio Rodrigues,s/n,centro,69348000,
225,RR,Pacaraima,PACARAIMA - SUAPI,POLO UAB - PACARAIMA/RR,RUA 01,,SUAPI,69345000, 
226,RR,Rorainópolis,RORAINOPOLIS - CENTRO,POLO UAB - RORAINOPOLIS,Av Senador Hélio Campos,s/n,centro,69373000,
227,RR,São João da Baliza,SAO JOAO DA BALIZA - CENTRO,POLO UAB/UNIVIRR - SAO JOAO DA BALIZA,Av. São Miguel,171,Centro,69375000,Escola Estadual Henrique Dias
230,RS,Agudo,AGUDO - CENTRO,POLO DE APOIO PRESENCIAL AO ENSINO SUPERIOR DE AGUDO - UAB,Av.Borges de Medeiros,1194,Centro,96540000,
231,RS,Arroio dos Ratos,ARROIO DOS RATOS - CENTRO,POLO UAB - ARROIO DOS RATOS,Av. João Pereira da Silva,1250,Centro,96740000,
232,RS,Balneário Pinhal,BALNEARIO PINHAL - DISTRITO DE MAGISTERIO,POLO DE EDUCACAO SUPERIOR DO BALNEARIO PINHAL - UABBP,rua São Jerônimo,826,Distrito de Magistério,95599000,
233,RS,Cachoeira do Sul,CACHOEIRA DO SUL - CENTRO,"POLO DE APOIO PRESENCIAL DA UNIVERSIDADE ABERTA DO BRASIL E CASA DO PROFESSOR ""VALE DO JACUI"" DE CACHOEIRA DO SUL  ",RUA JULIO DE CASTILHO,342,CENTRO,96501000, 
234,RS,Camargo,CAMARGO - CENTRO,POLO DE APOIO PRESENCIAL - UAB CAMARGO/RS,Rua Padre Stripolli,459,Centro,99165000,
235,RS,Cerro Largo,CERRO LARGO - CENTRO,POLO UAB - CERRO LARGO,Rua Major Antonio Cardoso,250,Centro,97900000,
236,RS,Constantina,CONSTANTINA - CENTRO,POLO DE EDUCACAO SUPERIOR DE CONSTANTINA - PESCO - UAB,Avenida Amandio Araujo,1125,Centro,99680000,Escola
237,RS,Cruz Alta,CRUZ ALTA - CENTRO,POLO UAB CRUZ ALTA - RS,RUA PINHEIRO MACHADO,911,CENTRO,98005000, 
238,RS,Faxinal do Soturno,FAXINAL DO SOTURNO - CENTRO,POLO DE APOIO PRESENCIAL FAXINAL DO SOTURNO,Rua Sete de Setembro,790,Centro,97220000,Fundos
239,RS,Herval,HERVAL - CENTRO,POLO UNIVERSITARIO DE HERVAL,Rua José Maria D'Avila,336,Centro,96310000,
240,RS,Hulha Negra,HULHA NEGRA - CENTRO,POLO DE APOIO PRESENCIAL DE HULHA NEGRA,AVENIDA GETULIO VARGAS,S/N,CENTRO,96460000,
241,RS,Itaqui,ITAQUI - CENTRO,UAB - POLO UNIVERSITARIO DA FRONTEIRA OESTE,Euclides Aranha,1288,Centro,97650000,
242,RS,Jacuizinho,JACUIZINHO - CENTRO,POLO UAB - JACUIZINHO,Rua Nelcindo Muratt,S/N,centro,99457000,Anexo a Escola Municipal Leonel de Moura Brizola
244,RS,Mostardas,MOSTARDAS - VILA NORTE,POLO DE APOIO PRESENCIAL DE MOSTARDAS - UAB,AV. DR. DINARTE SILVEIRA MARTINS,330,VILA NORTE,96270000, Escola Municipal Dr. Dinarte Silveira Martins
245,RS,Picada Café,PICADA CAFE - CENTRO,POLO UNIVERSITARIO DE PICADA CAFE - UAB,RUA DAS AZALÉIAS,638,CENTRO,95175000, 
246,RS,Quaraí,QUARAI - CENTRO,POLO UAB - POLO DE APOIO PRESENCIAL PARA EDUCACAO A DISTANCIA DE QUARAI - UAB,Rua Duque de Caxias,1080,Centro,97560000,
247,RS,Restinga Seca,RESTINGA SECA - CENTRO,POLO EDUCACIONAL SUPERIOR DE RESTINGA SECA - UAB,Rua José Celestino Alves,134,Centro,97200000,2º andar
248,RS,Santa Vitória do Palmar,SANTA VITORIA DO PALMAR - CENTRO,POLO UNIVERSITARIO DE ENSINO EXTREMO MERIDIONAL - SANTA VITORIA DO PALMAR - UAB,"SEDE: Rua Barão do Rio Claro, Anexo: Rua Campos Neutrais","sede: 760, Anex:1483",Centro,96230000,
249,RS,Santana da Boa Vista,SANTANA DA BOA VISTA - NOSSA SENHORA DO ROSARIO,POLO MUNICIPAL DE SANTANA DA BOA VISTA - UAB,Rua Aparicio Freitas,405,Nossa Senhora do Rosário,96590000,
250,RS,Sant' Ana do Livramento,SANT' ANA DO LIVRAMENTO - CENTRO,POLO DE APOIO PRESENCIAL MUNICIPAL SANT' ANA DO LIVRAMENTO - UAB,Rua Barão do Triunfo,1048,Centro,97573590,Prédio
251,RS,Santo Antônio da Patrulha,SANTO ANTONIO DA PATRULHA - CIDADE ALTA,POLO UNIVERSITARIO SANTO ANTONIO - SANTO ANTONIO DA PATRULHA - UAB, RUA BARÃO DO CAHY,125,CIDADE ALTA,95500000, Em Frente ao Correio
252,RS,São Francisco de Paula,SAO FRANCISCO DE PAULA - CENTRO,CAEDSFP - CENTRO DE APOIO PARA A EDUCACAO A DISTANCIA DE SAO FRANCISCO DE PAULA - UAB,Rua Manoel Vicente Ferreira,329,Centro,95400000,Prédio do Banco do Brasil
253,RS,São João do Polêsine,SAO JOAO DO POLESINE - CENTRO,POLO DE APOIO PRESENCIAL UAB DE SAO JOAO DO POLESINE,Avenida São João do Polêsine,1532,centro,97230000,
254,RS,São José do Norte,SAO JOSE DO NORTE - GUARIDA,POLO UNIVERSITARIO DE SAO JOSE DO NORTE - UAB,fernando duprat,700,guarida,96225000,
255,RS,São Lourenço do Sul,SAO LOURENCO DO SUL - AVENIDA,PAED - POLO DE APOIO AO ENSINO A DISTANCIA - SAO LOURENCO DO SUL - UAB,Av. Coronel Nonô Centeno,933,Avenida,96170000,
256,RS,Seberi,SEBERI - CENTRO,UNIVERSIDADE ABERTA DO BRASIL - POLO DE APOIO PRESENCIAL - SEBERI,Travessa Conde de Porto alegre ,65,Centro,98380000,
257,RS,Sobradinho,SOBRADINHO - VERA CRUZ,POLO REGIONAL DE ENSINO SUPERIOR A DISTANCIA DE SOBRADINHO - UAB,Rua Honório Luiz Guerreiro,270,VERA CRUZ,96900000, -
258,RS,Tapejara,TAPEJARA - ZONA RURAL,NUCLEO DE TECNOLOGIA EDUCACIONAL DE TAPEJARA,"Linha Girardi, Km 03 ",s/n,Zona Rural,99950000,PERIMETRAL 
259,RS,Tio Hugo,TIO HUGO - DO LORO,NUCLEO DE TECNOLOGIA EDUCACIONAL DE TIO HUGO - UAB,Rua Lourenço Gaspar da Silva,sn,Do Loro,99345000,Anexo a Escola Municipal Reinaldo Born
260,RS,Três de Maio,TRES DE MAIO - GLORIA,POLO UNIVERSITARIO FEDERAL DE TRES DE MAIO,RUA PLANALTO,1600,GLÓRIA,98910000, 
261,RS,Três Passos,TRES PASSOS - ERICO VERISSIMO,POLO UAB - POLO UNIVERSITARIO FEDERAL DE TRES PASSOS,Cipriano Barata,239,Érico Veríssimo,98600000,
262,SC,Treze Tílias,TREZE TILIAS - CENTRO,POLO UAB VERDES VALES DE TREZE TILIAS,RUA OSCAR VON HEBRENBRUCH,79,CENTRO,89650000,S/Nº
263,SC,Videira,VIDEIRA - MATRIZ,POLO DA UNIVERSIDADE ABERTA DO BRASIL - VIDEIRA,RUA CAMPOS NOVOS,135,MATRIZ,89560000, Anexo a Biblioteca Pública Municipal
264,SE,Arauá,ARAUA - CENTRO,POLO DA UAB JOALDO COSTA CARVALHO - ARAUA,RUA JOSÉ DIAS FILHO,,CENTRO,49220000, CONJUNTO ALZIRA COSTA
266,SE,Brejo Grande,BREJO GRANDE - CENTRO,POLO FOZ DO SAO FRANCISCO-  B. GRANDE/ SE,Rua Dr. Eneas Fereira,510,centro,49995000,
267,SE,Estância,ESTANCIA - CENTRO,POLO SENADOR JULIO CESAR LEITE,PÇA. JACKSON DE FIGUEIREDO,75,CENTRO,49200000,
268,SE,Japaratuba,JAPARATUBA - CENTRO,POLO UAB - JAPARATUBA,AVENIDA RIO DE JANEIRO-ANEXO ESTADIO TOZÃO,,CENTRO,49960000, 
269,SE,Laranjeiras,LARANJEIRAS - CENTRO,POLO UAB - LARANJEIRAS,CAIC Cel. José Sizinho da Rocha,S/N,Centro,49170000,Av. Edvaldo Xavier Almeida Conjunto Manuel do Prado Franco
270,SE,Poço Verde,POCO VERDE - CENTRO,POLO UAB - POCO VERDE,Rua José Rodrigues de Melo,124,CENTRO,49490000,
271,SE,Porto da Folha,PORTO DA FOLHA - CENTRO,POLO UAB - PORTO DA FOLHA,Praça Manoel Messias de Freitas,S/N,Centro,4980000,
272,SE,São Domingos,SAO DOMINGOS - CENTRO,POLO UAB - SAO DOMINGOS,AV. JOSÉ FREIRE DE LIMA,610,CENTRO,49525000, AV.José Freire de Lima
273,SP,Apiaí,APIAI - JARDIM PARAISO,POLO DE APOIO PRESENCIAL DA UAB EM APIAI,RUA TENENTE MARTINS,480,JARDIM PARAÍSO,18320000, 
274,SP,Bálsamo,BALSAMO - CENTRO,POLO UAB - BALSAMO,RUA AURORA SOARES GERALDES - 419,419,CENTRO,15140000, 
275,SP,Barretos,BARRETOS - DERBYCLUB,POLO UAB - BARRETOS,RUA  21 DE ABRIL,240,DERBYCLUB,14787240, 
276,SP,Guarulhos,GUARULHOS - MACEDO,CENTRO MUNICIPAL DE EDUCACAO ADAMASTOR - CME,Monteiro Lobato,734,Macedo,7112000,- até 1589/1590
277,SP,Igarapava,IGARAPAVA - VILA GOMES,POLO UNIVERSITARIO ABERTO MUNICIPAL DE IGARAPAVA - UAB,RUA AZARIAS ARANTES ,,VILA GOMES,14540000,
278,SP,Itapecerica da Serra,ITAPECERICA DA SERRA - CENTRO,COMPLEXO EDUCACIONAL PREFEITO ARY PEREIRA DE MORAES,"Rua São João, 47",47,Centro,6850060,
279,SP,Itapetininga,ITAPETININGA - TABOAOZINHO,POLO CHOPIN TAVARES DE LIMA,AV. DR. CyRO ALBUQUERQUE,4750,TABOÃOZINHO,18213615, 
280,SP,Itapevi,ITAPEVI - COHAB/SETOR B,POLO UAB - ITAPEVI,AV Pedro Paulino,74,COHAB/SETOR B,6663000,COHAB
281,SP,Jales,JALES - COHAB JACB II,POLO REGIONAL DE JALES - UAB,AV. BRASÍLIA,934,COHAB JACB II,15707638, 
282,SP,Jandira,JANDIRA - JARDIM EUROPA,POLO UAB - JANDIRA,RUA FRANCISCO ARAUJO CHAVES  ,120,JARDIM EUROPA,6626020, 
283,SP,Osasco,OSASCO - CENTRO,POLO UAB - CHIQUINHA GONZAGA - OSASCO,Marechal Rondon,263,Centro,6093020,- até 359 - lado ímpar
284,SP,São Carlos,SAO CARLOS - VILA NERY,POLO DE APOIO PRESENCIAL DE SAO CARLOS - UAB,Rua São Sebastião,2828,Vila Nery,13560230,Campus Rui Barbosa - FESC
287,SP,Tarumã,TARUMA - CENTRO,POLO MUNICIPAL DE APOIO PRESENCIAL DE TARUMA -,Rua Girassol ,201,Centro,19820000, Em frente a Câmara Municipal de Educação de Tarumã
288,TO,Ananás,ANANAS - CENTRO,POLO UAB - ANANAS,Praça da Bandeira/Rua João Batista,s/n,Centro,77890000,Escola Municipal João Dias Borges
289,TO,Nova Olinda,NOVA OLINDA - CENTRO,POLO DE APOIO PRESENCIAL,"Avenida Bernado Sayão, Quadra 162",22636,Centro,77790000,Setor Central - as margens da BR 153
290,TO,Palmas,PALMAS - PLANO DIRETOR NORTE,POLO DE EAD EM PALMAS,"QUADRA 206 NORTE, AVENIDA LO 04",4,PLANO DIRETOR NORTE,77006244,
294,ES,Alegre,ALEGRE - CENTRO,POLO DE ALEGRE,Alto Universitário,S/N,Centro,29500000,
296,MG,Almenara,ALMENARA - CENTRO,POLO ALMENARA,Rua Avelino Nascimento,13,Centro,39900000,
299,MT,Alto Araguaia,ALTO ARAGUAIA - CENTRO,POLO DE ALTO ARAGUAIA,Rua Rio Branco,391,Centro,78780000,
302,BA,Amargosa,AMARGOSA - CENTRO,POLO UAB - AMARGOSA,Rua Gilda Ferreira,307,Centro,45300000,
303,GO,Anápolis,ANAPOLIS - JUNDIAI,POLO ANAPOLIS,Avenida São Francisco,880,Jundiaí,75110810,Centro de Referencia e For. dos Profissionais da Educação
304,MA,Anapurus,ANAPURUS - AEROPORTO,POLO DE APOIO PRESENCIAL UAB DONA NERCI ALVES MONTELES ANAPURUS-MA.,Rua Maria Pires Leite,s/n,Aeroporto,65525000,Complexo Educacional Dona Nerci Alves Monteles
305,PR,Apucarana,APUCARANA - CENTRO,POLO DE APOIO PRESENCIAL DE APUCARANA,Praça Rui Barbosa,12,Centro,86800970,
308,TO,Araguacema,ARAGUACEMA - CENTRO,POLO DE EDUCAçãO A DISTâNCIA DE ARAGUACEMA,Rua Rui Barbosa,S/N,Centro,77690000,
310,TO,Araguatins,ARAGUATINS - NOVA ARAGUATINS,POLO DE EDUCAçãO A DISTâNCIA DE ARAGUANTINS,Rua 6,S/N,Nova Araguatins,77950000,Centro de Ensino Antônia Milhomem
311,SC,Araranguá,ARARANGUA - NOVA DIVINEIA,POLO UAB - ARARANGUA,Rua Salvato Palatini,s/n,Nova Divinéia,88905226,Antiga Escola Munc. Nova Divinéia
313,SP,Araras,ARARAS - CENTRO,POLO UAB - ARARAS,Av. Nestlé ,58,Centro,13601005,Vila Michelin
314,MA,Arari,ARARI - CENTRO,POLO DE APOIO PRESENCIAL UAB - ARARI,Rua 31 de Março,s/n,Centro,65480000,Colégio Comercial de Arari
315,MG,Araxá,ARAXA - SANTA RITA,POLO UAB_ARAXA,Av. Hítalo Rossi,s/n,Santa Rita,38181419,Prédio do SESI/SENAI
317,TO,Arraias,ARRAIAS - CENTRO,POLO UAB - ARRAIAS,Av. Universitária ,s/nº,Centro,77330000,Campus de Arraias
318,PR,Assaí,ASSAI - CENTRO,POLO UAB -POLO PRESENCIAL DE APOIO AO ENSINO A DISTANCIA DE ASSAI,Rua Manoel Ribas,1103,Centro,86220000,Colégio Estadual Barão do Rio Branco
323,MG,Bambuí,BAMBUI - CENTRO,POLO UAB DE BAMBUI ,Rua Padre João Veloso ,237,Centro,38900000,
324,PR,Bandeirantes,BANDEIRANTES - VILA MORETI,UAB - BANDEIRANTES,Rua dos Expedicionários,270,Vila Moreti,86360000,Escola Municipal Santa Terezinha
327,PA,Barcarena,BARCARENA - SAO FRANCISCO,POLO UAB - BARCARENA PREFEITO JOAO CARLOS DOS SANTOS DIAS,Rodovia PA 481,S/N,São Francisco,68447000,Subprefeitura
330,MT,Barra do Bugres,BARRA DO BUGRES - CENTRO,POLO DE APOIO PRESENCIAL DE BARRA DO BUGRES,Av. Deputado Hitler Sansão,820,Centro,78390000,
331,MA,Barra do Corda,BARRA DO CORDA - ALTAMIRA,CENTRO DE ESTUDOS SUPERIORES DE BARRA DO CORDA,Rua Nelson Paturi,sn,Altamira,65950000,
335,MG,Barroso,BARROSO - SANTA MARIA,POLO UAB  BARROSO,Av. Carlos Alberto Moura da Silva,s/n,Santa Maria,36212000,Parque de Exposições 
336,MS,Bataguassu,BATAGUASSU - JARDIM SANTA MARIA,POLO DE APOIO PRESENCIAL DE BATAGUASSU,av. Presidente Prudente,10,Jardim Santa Maria,79780000,
337,CE,Beberibe,BEBERIBE - CENTRO,POLO UAB - BEBERIBE,Rua José Bessa,299,Centro,62750000,
339,MS,Bela Vista,BELA VISTA - COSTA E SILVA,ESCOLA MUNICIPAL JARBAS PASSARINHO,Rua Afonso Pena,S/N,Costa e Silva,79260000,
340,PR,Bela Vista do Paraíso,BELA VISTA DO PARAISO - CENTRO,POLO PRESENCIAL FREDERICO OSAKU LEITE,Drª. Martha Silva Gomes,732,Centro,86130000,Prédio Escolar
345,PR,Bituruna,BITURUNA - CENTRO,BITURUNA,Rua Maria Rosa Nunes Ramos ,35,Centro ,84640000,Escola Municipal Frei Tiago Luchesi
346,SC,Blumenau,BLUMENAU - CENTRO,POLO UAB - BLUMENAU,Alameda Rio Branco,574,Centro,89010300,
347,PI,Bom Jesus,BOM JESUS - JOSUE PARENTE,UESPI-CAMPUS DOM JOSE VASQUEZ DIAZ,Pça Alcebiades de Moraes,S/N,Josué Parente,64900000,
349,MA,Bom Jesus das Selvas,BOM JESUS DAS SELVAS - CENTRO,PROFESSORA MARIA ALDECY DE OLIVEIRA,Rua Barreirinhas,,Centro,65395000,
353,SP,Bragança Paulista,BRAGANCA PAULISTA - UBERABA,POLO UAB BRAGANCA PAULISTA,Rua Alexandre Berbari,101,Uberaba,12926676,Jardim São Lourenço 
354,CE,Brejo Santo,BREJO SANTO - CENTRO,POLO DE BREJO SANTO-CEARA,RUA MANUEL ANTONIO CABRAL ,S/N,CENTRO,63260000,PRÉDIO
358,PA,Breves,BREVES - AEROPORTO,CENTRO DE DESENV. E ED.PROFISSIONAL DR.JOAO MESSIAS DOS SANTOS-CEDEP,Avenida Rio Branco,1752,Aeroporto,68800000,
359,BA,Brumado,BRUMADO - TANQUE,POLO DA UAB EM BRUMADO,Rua Antônio Carlos Magalhães,,Tanque,46100000,Prédio
362,RO,Buritis,BURITIS - SETOR 1,CENTRO TECNOLOGICO DE FORMACAO INICIAL E CONTINUADA DO MAGISTERIO PUBLICO MUNICIPAL DE BURITIS,Av Ayrton Senna,971,Centro,76880000,Centro Tecnológico de Formação
363,PB,Cabaceiras,CABACEIRAS - CENTRO,UAB TERESINHA JESUS FARIAS AIRES-POLO CABACEIRAS,Av. 04 de Junho,379,Centro,58480000,
364,RS,Cacequi,CACEQUI - CENTRO,UAB - POLO DE CACEQUI,Rua Senador Salgado Filho,S/N,Centro,97450000,
365,PA,Cachoeira do Arari,CACHOEIRA DO ARARI - PETROPOLIS,CACHOEIRA DO ARARI,Avenida Coronel Bento Miranda,500,Petrópolis,68840000,
366,ES,Cachoeiro de Itapemirim,CACHOEIRO DE ITAPEMIRIM -  DISTRITO DE MORRO GRANDE,POLO UAB - CACHOEIRO DE ITAPEMIRIM,Rodovia 482 Cachoeiro x Alegre KM 05,0, Distrito de Morro Grande,29313210,Cidade Universitária
371,MS,Camapuã,CAMAPUA - VILA DIAMANTINA,CENTRO DE APOIO PRESENCIAL DE CAMAPUA,RUA FERREIRA DA CUNHA,200,VILA DIAMANTINA,79420000,
373,PA,Cametá,CAMETA - CENTRAL,UAB - POLO CAMETA,Avenida Gentil Bittencourt,1582,Central,68400000,Antiga escola Governador Alacid Nunes
375,SP,Campinas,CAMPINAS - JARDIM PAINEIRAS,CAMPINAS,Rua João Alves dos Santos,860,Jardim Paineiras,13092331,
376,MG,Campo Belo,CAMPO BELO - CIDADE MONTESA,POLO UAB DE CAMPO BELO,Avenida Indianápolis,325,Cidade Montesa,37270000,Escola Municipal Lucilla Gibram Cambraia
378,PI,Campo Maior,CAMPO MAIOR - SAO LUIS,UESPI-CAMPUS HEROIS DO JENIPAPO,Av. Santo Antonio,s/n,São Luis,64280000,
381,CE,Campos Sales,CAMPOS SALES - ALTO ALEGRE,POLO DE APOIO PRESENCIAL DE CAMPOS SALES,Rua Emiliano Fortaleza,S/N,Alto Alegre,63150000,Centro Vocacional Tecnológico - CVT
383,SC,Canoinhas,CANOINHAS - CENTRO,POLO DE APOIO PRESENCIAL EAD/UAB CANOINHAS,"RUA BERNARDO OLSEN,",400,CENTRO,89460000,PRÉDIO
385,PA,Capanema,CAPANEMA - SAO PEDRO E SAO PAULO,POLO UAB/CAPANEMA,RODOVIA CAPANEMA-BRAGANÇA,S/Nº,SÃO PEDRO E SÃO PAULO,68700000,Km2
388,SC,Concórdia,CONCORDIA - CENTRO,POLO UAB: SDR - CONCORDIA,Travessa Irmã Leopoldina,136,Centro,89700000,
389,RN,Caraúbas,CARAUBAS - DR. SEBASTIAO MALTEZ ,POLO UAB - SERTAO DAS CARAUBEIRAS,Rua Alfredo Alves de Azevedo,212,Dr. Sebastião Maltez ,59780000,
390,SE,Carira,CARIRA - VILA NOVA,POLO DE APOIO PRESENCIAL DE CARIRA,Rua João Paulo da Conceição,S/N,Vila Nova,49550000,
391,MG,Carlos Chagas,CARLOS CHAGAS - CENTRO,POLO CARLOS CHAGAS,Travessa Braga,381,Centro,39864000,Esquina com Avenida Capitão João Pinto
392,MG,Carneirinho,CARNEIRINHO - CENTRO,CARNEIRINHO UAB,Avenida José Ambrosio de Queiroz,850,Centro,38290000,
393,MA,Carolina,CAROLINA - SETOR UNIVERSITARIO,POLO DE APOIO PRESENCIAL-UAB2-CAROLINA,Av. Frederico Martins de Azevedo,616,Setor Universitário,65980000,
400,MA,Caxias,CAXIAS - CENTRO,POLO UAB CAXIAS,Rua São Pedro,s/n,Centro,65608160,
403,DF,Brasília,BRASILIA - GUARIROBA,DF - DIGITAL - CEILANDIA MASTER,QNN 14 A/E,0,Guariroba,72210181,
405,PR,Cerro Azul,CERRO AZUL - CENTRO,CENTRO COMUNITARIO BERNARDO VON MULLER,Rua Deputado Aníbal Cury,s/n,Centro,83570000,Centro Comunitário Bernardo Von Muller Berneck
407,SC,Chapecó,CHAPECO - SAO CRISTOVAO,POLO MUNICIPAL DE APOIO PRESENCIAL- UAB - CHAPECO,RUA OSVALDO CRUZ,1556-E,SÃO CRISTÓVÃO,89803361,TÉRREO (antigo SESI)
412,MA,Codó,CODO - SAO BENEDITO,POLO UAB - CODO,Rua Paraiba,474,São Benedito,65400000,Proximo a Câmara Municipal de Codó
414,MA,Coelho Neto,COELHO NETO - CENTRO,POLO UAB COELHO NETO,Av. Mal. Cordeiro de Farias,0,Centro,65620000,José Sarney
415,ES,Colatina,COLATINA - ESPLANADA,POLO-UAB/COLATINA,Av. Ângelo Giuberti,,Esplanada,29702902,Praça Sol Poente
417,MA,Colinas,COLINAS - CENTRO,POLO UAB - CENTRO DE ESTUDOS SUPERIORES DE COLINAS,Avenida Dr. Osano Brandão,511,Centro,65690000,
419,PR,Colombo,COLOMBO - JD. NOSSA SENHORA DE FATIMA,POLO DE APOIO PRESENCIAL PROF. ALTAIR DA SILVA LEME,RUA DORVAL CECCON,664,JD. NOSSA SENHORA DE FÁTIMA,83405030,2º ANDAR
421,BA,Conceição do Coité,CONCEICAO DO COITE - CENTRO,POLO UAB DE CONCEICAO DO COITE - BA.,Rua maximino madureira,S/N,Centro,48730000,Escola Estadual Olgarina Pitangueira Pinheiro
422,MG,Conceição do Mato Dentro,CONCEICAO DO MATO DENTRO - CENTRO,POLO UAB - CONCEICAO DO MATO DENTRO,Av. JK,680,Centro,35860000,
424,MG,Confins,CONFINS - CENTRO,CENTRO EDUCACIONAL E CULTURA/ESCOLA MUNIC.AFONSO JOSE DA SILVA,Rua Maria Rodrigues,730,Centro,33500000,
425,PR,Congonhinhas,CONGONHINHAS - CENTRO,UAB- CONGONHINHAS,Av. Dr. Davi Xavier da Silva,,Centro,86320000,
427,PB,Coremas,COREMAS - CENTRO,POLO UAB - COREMAS,Rua Mecânica DNOCS,S/N,centro,58770000,
428,PI,Corrente,CORRENTE - CENTRO,VALE DO CORRENTE,Praça Joaquim Nogueira Paranaguá,73,Centro,64980000,
429,MS,Costa Rica,COSTA RICA - AREA RURAL,POLO DE APOIO PRESENCIAL PROF  ADENOCRE A. DE MORAIS -COSTA RICA,José Calazans da Silva,172,Área Rural,79550000,Esc.Munic. profº.Adenocre A. de Morais
433,TO,Cristalândia,CRISTALANDIA - CENTRO,POLO DE EAD DE CRISTALANDIA,Avenida Dom Jaime Antônio Schuck,2.600,Centro,77490000,Prédio
434,MG,Cristália,CRISTALIA - CENTRO,POLO UAB DE CRISTALIA,Rua Teodomiro Borges,sn,Centro,39598000,
437,SP,Cubatão,CUBATAO - VILA COUTO,POLO UAB CUBATAO,Rua Doutor Fernando Costa,1096,Vila Couto,11510310,LOCAL ONDE FUNCIONAVA A ANTIGA FÁBRICA DA COMUNIDADE
438,MT,Cuiabá,CUIABA - CENTRO-SUL,SECRETARIA DE ESTADO DE EDUCACAO,Rua Comandante Costa,1927,Centro-Sul,78025200,
442,SP,Diadema,DIADEMA - CENTRO,POLO DE APOIO PRESENCIAL DE DIADEMA,Rua Nossa Senhora das Vitórias,249/251,Centro,9910140,
444,MT,Diamantino,DIAMANTINO - MT 240,POLO DE APOIO PRESENCIAL DO MUNICIPIO DE DIAMANTINO/MT,Rodovia Senador Roberto Campos,S/N,MT 240,78400000,Saída para Alto Paraguai - Antiga Escola Agrícola
446,TO,Dianópolis,DIANOPOLIS - CENTRO,POLO DE APOIO PRESENCIAL PARA O DESENVOLVIMENTO DO SUDESTE DO TOCANTINS,Praça Aurélio Antonio Araújo,2,Centro,77300000,
448,MA,Dom Pedro,DOM PEDRO - CENTRO,POLO UAB SOCORRO CARVALHO,Rua Jorge Fernandes,s/n,Centro,65765000,Colégio Socorro Carvalho
450,RJ,Duque de Caxias,DUQUE DE CAXIAS - JARDIM 25 DE AGOSTO,POLO UAB - DUQUE DE CAXIAS,Rua Marechal Floriano,555,Jardim 25 de Agosto,25070020,
451,MG,Durandé,DURANDE - CENTRO,POLO UAB DURANDE,Avenida Álvaro Moreira da Silva,615,Centro,36974000,Prédio
454,RS,Encantado,ENCANTADO - LAMBARI,POLO PRESENCIAL DE ENCANTADO,Rua Alegrete,811,Lambari,95960000,Centro Municipal de Educação
455,PR,Engenheiro Beltrão,ENGENHEIRO BELTRAO - CENTRO,POLO UAB - ENGENHEIRO BELTRAO,Rua Clotário Portugal,115,Centro,87270000,
458,BA,Euclides da Cunha,EUCLIDES DA CUNHA - JEREMIAS,CAMPUS XXII DA UNIVERSIDADE DO ESTADO DA BAHIA,Rua Enock Canário de Araújo,,Jeremias,48500000,
460,PR,Faxinal,FAXINAL - CENTRO,POLO UAB DE FAXINAL,Av. Eugênio Bastiani,984,Centro,86840000,
461,BA,Feira de Santana,FEIRA DE SANTANA - CENTRO,POLO UAB FEIRA DE SANTANA,Juracy Magalhães Júnior,s/n,Centro,44001360,
463,PR,Flor da Serra do Sul,FLOR DA SERRA DO SUL - CENTRO,POLO DE APOIO PRESENCIAL DE FLOR DA SERRA DO SUL,Rua Cristiano Bender,419,Centro,85618000,
466,SC,Florianópolis,FLORIANOPOLIS - CENTRO,POLO UAB FLORIANOPOLIS,Rua Ferreira Lima,82,Centro,88015420,Subsolo
470,MA,Fortaleza dos Nogueiras,FORTALEZA DOS NOGUEIRAS - NOVA FORTALEZA,POLO DE APOIO PRESENCIAL DA UAB DE FORTALEZA DOS NOGUEIRAS,Rua Raimundo Braúna,S/Nº,Nova Fortaleza,65805000,
471,SP,Franca,FRANCA - CENTRO,UAB POLO FRANCA ,Avenida Champagnat,1808,Centro,14400320,
472,MG,Francisco Sá,FRANCISCO SA - CENTRO,FRANCISCO SA,Rua João Catulino de Andrade,748,Centro,39580000,
474,PE,Garanhuns,GARANHUNS - SANTO ANTONIO,GARANHUNS,Av. Dantas Barreto,44,Santo Antônio,55295080,
477,GO,Goiás,GOIAS - ALTO DO SANTANA,POLO DE EDUCACAO A DISTANCIA VILA BOA DE GOIAS,Rua Vereador Hugo Argenta,s/n,Alto do Santana,76600000,Abaixo da Escola Mul Santa Bárbara
478,PR,Goioerê,GOIOERE - CENTRO,POLO UAB - GOIOERE,Av. Daniel Portela,1354,Centro,87360000,
480,MA,Grajaú,GRAJAU - TREZIDELA,POLO UAB - PROFESSOR PORFIRIO PEREIRA  SANTOS,BR 226,22,TREZIDELA,65940000,"KM 214 /ANTIGO LIONS CLUB, "
482,RN,Grossos,GROSSOS - BOA ESPERANCA,EDUCA GROSSOS,RUA CORONEL SOLON,10,BOA ESPERANÇA,59675000,
487,MT,Guarantã do Norte,GUARANTA DO NORTE - CENTRO,UAB-GUARANTA DO NORTE,Av. Alcides Moreno Capelini,555,Centro,78520000,
489,TO,Gurupi,GURUPI - ZONA RURAL,"POLO DE EDUCACAO A DISTANCIA, NO MUNICIPIO DE GURUPI",Rua Badejós,s/n,Zona Rural,77402970,"Lote 07, Chácara 69/72"
491,MA,Humberto de Campos,HUMBERTO DE CAMPOS -  BACABEIRA,POLO UAB HUMBERTO DE CAMPOS,RUA SÃO MIGUEL  ,S/N, BACABEIRA,65180000,
492,BA,Ibicuí,IBICUI - CENTRO,UNIVERSIDADE ABERTA DO BRASIL - POLO DE IBICUI,Rua Lomanto Júnior,,Centro,45290000,Entrada Norte da Cidade
493,BA,Ibotirama,IBOTIRAMA - IBOTIRAMINHA,POLO UAB - POLO REGIONAL DE IBOTIRAMA,Rua Boquira,S/N,Ibotiraminha,47520000,
495,PA,Igarapé-Miri,IGARAPE-MIRI - CIDADE NOVA,POLO UAB-IGARAPE-MIRI: CENTRO DE FORMACAO ACAI,Rua Simplício de Moraes,,Cidade Nova,68300000,
498,BA,Ilhéus,ILHEUS - MALHADO,POLO UAB - ILHEUS,Av. Governador Roberto Santos,,Malhado,45665000,
500,SC,Indaial,INDAIAL - CENTRO,POLO UAB-INDAIAL,Rua Marechal Floriano Peixoto,560,Centro,89130000,
501,GO,Inhumas,INHUMAS - VILA HEITOR,POLO DE APOIO PRESENCIAL DA UAB INHUMAS,Rua 05,153,Vila Heitor,75400000,Praça João Heitor de Paula
502,MG,Ipanema,IPANEMA - CENTRO,POLO UAB DE IPANENA,RUA SANTOS DUMONT,337,CENTRO,36950000,
504,PR,Ipiranga,IPIRANGA - CENTRO,POLO DE IPIRANGA,Rua João Ribeiro da Fonseca,74,Centro,84450000,
506,CE,Ipueiras,IPUEIRAS - CENTRO,CENTRO MULTIFUNCIONAL FRANCISCO CAZUZA SAMPAIO,Rua Coronel José Bento,S/N,Centro,62230000,
509,BA,Itaberaba,ITABERABA - CENTRO,POLO UAB - ITABERABA ,Av. Rio Branco,367,Centro,46880000,
510,BA,Itabuna,ITABUNA - LOMANTO JUNIOR,POLO UAB ITABUNA/BA,Av. José Soares Pinheiro,S/Nº   ,Lomanto Junior ,40600013,Prédio do Colégio Modelo Luis Eduardo Magalhães
512,RJ,Itaguaí,ITAGUAI - CENTRO,POLO UAB/CEDERJ ITAGUAI,R. Dídimo José Batista ,125,Centro,23815000,Colégio Municipal Senador Teotônio Vilella
514,SC,Itajaí,ITAJAI - FAZENDA,POLO DE APOIO PRESENCIAL GERED/SDR ITAJAI,Av. Sete de Setembro,s/n,Fazenda,88302400,anexo Escola E.B.Nereu Ramos
515,MG,Itamarandiba,ITAMARANDIBA - FLORESTAL,POLO ITAMARANDIBA,Avenida Jequitinhonha,298,Florestal,39670000,
516,PR,Itambé,ITAMBE - PARQUE INDUSTRIAL,POLO DE APOIO PRESENCIAL DE ITAMBE,Rua Luis Fedrigo ,3,Parque Industrial,87175000,
517,SC,Itapema,ITAPEMA - MORRETES,POLO DE APOIO PRESENCIAL BENTO ELOI GARCIA,Rua 402-B,,Morretes,88220000,Prédio Escola Bento Elói Garcia
518,BA,Itapetinga,ITAPETINGA - CENTRO,PREDIO ESCOLAR JOSE VAZ ESPINHEIRA,Rua Visconde do Rio Branco,s/n,centro,45700000,Prédio
520,CE,Itapipoca,ITAPIPOCA - COQUEIRO,ITAPIPOCA,RUA JOÃO CORDEIRO,S/N,COQUEIRO,62500000,
525,PE,Jaboatão dos Guararapes,JABOATAO DOS GUARARAPES - CURADO IV,ESCOLA TÉCNICA ESTADUAL MAXIMILIANO ACCIOLY CAMPOS ,Rua sete,S/N,Curado IV,54270060,
526,MG,Jaboticatubas,JABOTICATUBAS - SAO VICENTE,UAB-POLO JABOTICATUBAS,Rua Joana de Melo,1300,São Vicente,35830000,
527,PR,Jacarezinho,JACAREZINHO - CENTRO,UNIVERSIDADE ABERTA DO BRASIL - POLO JACAREZINHO,Rua Costa Júnior,1065,Centro,86400000,Térreo
529,PA,Jacundá,JACUNDA - SANTA RITA,POLO UAB DE JACUNDA   ,Rua Santa Tereza,s/n,Santa Rita,68590000,
530,RS,Jaguarão,JAGUARAO - CENTRO,POLO CIDADE HEROICA DE APOIO PRESENCIAL UAB,rua 3 de outubro,170,centro,9630000,rua
531,PR,Jaguariaíva,JAGUARIAIVA - CIANE,POLO UAB - JAGUARIAIVA,Rua João Thom,s/n,Cianê,84200000,Condomínio Matarazzo
532,CE,Jaguaribe,JAGUARIBE - CENTRO,POLO UAB JAGUARIBE / ESCOLA ALICE DIOGENES,Av. 8 de novembro,1087-B,Centro,63475000,
533,MG,Janaúba,JANAUBA - VEREDAS,POLO JANAUBA,Rua Manoel Bandeira,460,Veredas,39440000,
534,SP,Jaú,JAU - CENTRO,POLO UAB JAU,Rua Quintino Bocaiúva,532,Centro,17201470,
535,MT,Jauru,JAURU - CRUZEIRO,POLO UAB DE JAURU - MT,Avenida Padre Nazareno Lanciotti,1820,Cruzeiro,78255000,Núcleo Pedagogico de Jauru-UNEMAT-CEAD
536,BA,Jequié,JEQUIE - CAMPO DO AMERICA,POLO DE APOIO PRESENCIAL RIO DAS CONTAS DA UNIVERSIDADE ABERTA DO BRASIL,Rua Edgar Santos,S/N,Campo do América,45203200,
542,MT,Juína,JUINA - SETOR DE SERVICOS,POLO DE JUINA,BR AR1 - Trevo Tangará,,Setor de serviços,78320000,Próximo ao Posto Figueira (antiga Escola Marechal Rondon)
543,MG,Juiz de Fora,JUIZ DE FORA - LADEIRA,POLO UAB DE JUIZ DE FORA,Rua Maria Perpétua,72,Ladeira,36052560,
545,SE,Lagarto,LAGARTO - COLONIA TREZE,POLO PRESENCIAL DO MUNICIPIO DE LARGATO - COLONIA TREZE,Pista principal ,s/n,colonia treze,49400000,Zona rural
548,MG,Lagoa Santa,LAGOA SANTA - SANTOS DUMONT,POLO LAGOA SANTA/MG,Av. Coronel Modestino Gonçalves,90,Santos Dumont,33400000,
552,PR,Lapa,LAPA - CENTRO,POLO UAB LAPA / PARANA,Rua Eufrasio Cortes,228,Centro,83750000,próximo Câmara Municipal 
553,PR,Laranjeiras do Sul,LARANJEIRAS DO SUL - ESTRADA PARA PORTO BARREIRA,LARANJEIRAS DO SUL,Av. Deolinda Luz,s/n,Estrada para Porto Barreira,85301000,
554,MG,Lavras,LAVRAS - CENTRO,POLO UAB DE LAVRAS,Praça Doutor Jorge,130,Centro,37200000,Escola Álvaro Botelho
557,ES,Linhares,LINHARES - NOVO HORIZONTE,POLO UAB DE LINHARES,Avenida Presidente Costa e Silva,155,NOvo Horizonte,29902120,
560,MT,Lucas do Rio Verde,LUCAS DO RIO VERDE - JARDIM PRIMAVERA,LUCAS DO RIO VERDE-MT,Rua: Cedro,61,Jardim Primavera,78455000,S
561,PI,Luzilândia,LUZILANDIA - CENTRO,POLO DE APOIO PRESENCIAL DE LUZILANDIA,Rua João Quariguazi,409,Centro,64160000,
562,AP,Macapá,MACAPA - CENTRO,POLO UNIVERSITARIO EQUADOR,Avenida Fab,91,CENTRO,68900073,Escola Estadual Professor Gabriel Almeida Café
564,RJ,Magé,MAGE - CENTRO,POLO UAB - MAGE,Av. Padre Anchieta,163,Centro,25900000,--------------------------------------------------
565,AM,Manaquiri,MANAQUIRI - MANAQUIRI,POLO UNIVERSITARIO DE MANAQUIRI,Rua Silvino Raimundo,,Manaquiri,69435000,
567,MG,Mantena,MANTENA - CENTRO,POLO DE APOIO PRESENCIAL,Rua Manoel Amancio,171,Centro,35290000,
568,PA,Marabá,MARABA - AMAPA,POLO UAB/MARABA,Av. Hiléia,s/n°,Amapá,68502100,Agrópolis do INCRA
570,CE,Maranguape,MARANGUAPE - GUABIRABA,CVT DE MARANGUAPE - POLO UAB DE MARANGUAPE,Walter Lopes,149,Guabiraba,61940570,Escola Municipal do Rio Grande do Norte
571,RN,Marcelino Vieira,MARCELINO VIEIRA - CENTRO,POLO DE APOIO PRESENCIAL DE MARCELINO VIEIRA,Rua Nossa Senhora de Fátima,3,Centro,59970000,
572,PI,Marcos Parente,MARCOS PARENTE - CENTRO,POLO UAB - MARCOS PARENTE,Rua Landri Sales,s/n°,Centro,64845000,
574,SP,Matão,MATAO - JARDIM BUSCARDI,POLO UAB - MATAO,Av. Rincão,598,Jardim Buscardi,15991210,
575,TO,Mateiros,MATEIROS - CENTRO,POLO DE APOIO PRESENCIAL DA UAB DE MATEIROS,Av. Maranhão ,s/n,Centro ,77593000,Escola Municipal Estefânio Telles Chagas
576,CE,Mauriti,MAURITI - SERRINHA,POLO DE APOIO PRESENCIAL DE MAURITI,Rua Padre Argemiro Rolim de Oliveira,s/n,Serrinha,63210000,anexo Centro Educacional de Mauriti
578,GO,Mineiros,MINEIROS - IORES,POLO UNIVERSITARIO DE MINEIROS - GO,Rua Cabeceira Alta,,Ióres,75830000,Qd.20    Lt. 08
579,MS,Miranda,MIRANDA - COAHB,PROFESSORA MAROLI VICENTE JULIO,Rua Carandá,300,Coahb,79380000,
580,SP,Mirandópolis,MIRANDOPOLIS - PAULICEIA,POLO UAB - MIRANDOPOLIS,Rua Anchieta,720,Paulicéia,16800000,Prédio Escolar
581,CE,Missão Velha,MISSAO VELHA - CENTRO,CVT DE MISSAO VELHA,Rua Cel. José Dantas,s/n,Centro,63200000,
582,PI,Monsenhor Gil,MONSENHOR GIL - CENTRO,POLO DE MONSENHOR GIL - PI,Av. Joel Mendes,650,Centro,64450000,
586,RN,Natal,NATAL - NOSSA SENHORA DE NAZARE,POLO NATAL,AV CEL ESTEVAM,3705,NOSSA SENHORA DE NAZARÉ,59060200,
588,MA,Nina Rodrigues,NINA RODRIGUES - CENTRO,POLO TECNOLOGICO UAB2 - ANEXO RAIMUNDO DE OLIVEIRA CORREA,Travessa Interventor Coronel Siqueira,5,Centro,65450000,Pédio
589,SE,Nossa Senhora da Glória,NOSSA SENHORA DA GLORIA - SILOS,POLO UAB - NOSSA SENHORA DA GLORIA,Rodovia Engenheiro Jorge Neto,,Silos,49680000,KM 03
590,SE,Nossa Senhora das Dores,NOSSA SENHORA DAS DORES - CENTRO,POLO PRESENCIAL PROFESSORA LUCIA SANTANA OLIVEIRA,praça Joel Nascimento,s/n,centro,49600000,
593,RJ,Nova Iguaçu,NOVA IGUACU - CENTRO,POLO UAB - NOVA IGUACU,Rua Doutor Paulo Fróes Machado,38,Centro,26255170,Antigo Forum
594,RO,Nova Mamoré,NOVA MAMORE - CIDADE NOVA,POLO UAB DO MUNICIPIO DE NOVA MAMORE,Av. Raimundo Fernandes,2288,Cidade Nova,76857000,
595,PR,Nova Santa Rosa,NOVA SANTA ROSA - CENTRO,POLO DE NOVA SANTA ROSA,Av. Tucunduva,1033,centro,85930000,
598,MT,Nova Xavantina,NOVA XAVANTINA - JARDIM ALVORADA,POLO EDUCACIONAL DE APOIO PRESENCIAL UAB NOVA XAVANTINA,Rua Oscar Niemayer,185,Jardim Alvorada,78690000,Nova Xavantina
599,RS,Novo Hamburgo,NOVO HAMBURGO - CENTRO,POLO DA UNIVERSIDADE ABERTA EM NOVO HAMBURGO,Av. Pedro Adams Filho,4918,Centro,93320006,2º e 3º andares
600,PI,Oeiras,OEIRAS - CENTRO,UESPI-CAMPUS PROFESSOR POSSIDONIO QUEIROZ,Av. Candido Martins,67,Centro,64500000,
602,CE,Orós,OROS - CENTRO,POLO UAB PE. DJALVO BEZERRA DE ALENCAR,Travessa Dr. Rosevaldo,S/N,Centro,63520000,Vizinho ao Dançódromo Beira Rio
604,SC,Otacílio Costa,OTACILIO COSTA - FATIMA,POLO DE APOIO PRESENCIAL UAB OTACILIO COSTA,Rua Pedro Álvares Cabral,103,Fátima,88540000,
605,MG,Ouro Preto,OURO PRETO - CENTRO,POLO UAB OURO PRETO,Rua Teixeira Amaral ,91,Centro,35400000,Casa
607,SC,Palhoça,PALHOCA - PONTE DO IMARUIM,POLO DE APOIO PRESENCIAL/UFSC /PALHOCA,Rua João Pereira dos Santos,305,Ponte do Imaruim,88130475,
610,PR,Palmeira,PALMEIRA - CENTRO,POLO DA UAB DE PALMEIRA,Rua Jesuino Marcondes,200,Centro,84130000,Prédio
611,PR,Palmital,PALMITAL - VILA PARQUE JUNIOR,POLO DE APOIO PRESENCIAL/UAB DE PALMITAL,Rua Parigot de Souza,S/N,Vila Parque Júnior,85270000,Escola Municipal Catarina K. Costa
612,SC,Palmitos,PALMITOS - CENTRO,POLO DE APOIO PRESENCIAL UAB- PALMITOS,Av. Brasil,s/n,Centro,89887000,
613,RS,Panambi,PANAMBI - CENTRO,POLO PRESENCIAL UNIVERSIDADE ABERTA DO BRASIL,Rua Hermann Mayer,43,centro,98208000,2º Piso
614,PA,Paragominas,PARAGOMINAS - JK,POLO DE PARAGOMINAS,Rua Casimiro de abreu,24,JK,68625970,Próx. Igreja
617,RN,Parnamirim,PARNAMIRIM - COHABINAL,PARNAMIRIM,rua castor vieira régis,424,cohabinal,59140670,
619,MG,Patos de Minas,PATOS DE MINAS - CENTRO,POLO UAB PATOS DE MINAS,Rua Olegário Maciel,113,Centro,38700126,Junto ao Ministério de Educação
621,BA,Paulo Afonso,PAULO AFONSO - PANORAMA,POLO UAB - PAULO AFONSO,Av. Antonio Carlos Magalhães,11,Panorama,48600000,
623,MG,Pedra Azul,PEDRA AZUL - CENTRO,POLO UAB - DR. GILBERTO ANTUNES DE ALMEIDA,Av. Dr. Antero de Lucena Ruas,525,Centro,39970000,
627,SP,Peruíbe,PERUIBE - BALNEARIO STELLA MARIS,UAB POLO PERUIBE,Rua Rio de Janeiro,310,Balneário Stella Maris,11750000,
629,PI,Picos,PICOS - JUNCO,POLO DE APOIO PRESENCIAL EAD/UAB PICOS-PI,Avenida Senador Helvidio Nunes,S/N,Junco,64607760,Campus Professor Barros Araújo
631,PR,Pinhão,PINHAO - CENTRO,POLO UNIVERSITARIO DE PINHAO,Avenida Trifon Hanysz,244,centro,85170000,
633,CE,Piquet Carneiro,PIQUET CARNEIRO - CENTRO,POLO SRA ANTONIA ALVES DE LIMA,Rua Zacarias Pinheiro,s/nº,Centro,63605000,
635,PI,Piripiri,PIRIPIRI - PETECAS,UESPI-CAMPUS PROFESSOR ANTONIO GIOVANNE ALVES DE SOUSA,Av. Marechal Castelo Branco,180,Petecas,64260000,
638,MG,Pompéu,POMPEU - PARAÍSO ,POLO DE APOIO PRESENCIAL UAB-POMPEU,Rodovia MG 164 - Km 63,0,Paraíso ,35640000,
640,PR,Ponta Grossa,PONTA GROSSA - UVARANAS,ESCOLA MUL. CEL. CLAUDIO GONCALVES GUIMARAES,Rua Bonifácio Ribas,240,Uvaranas,84025155,
646,MS,Porto Murtinho,PORTO MURTINHO - CENTRO,POLO DE FORMACAO ACADEMICA DE PORTO MURTINHO,Av. Larangeira,264,centro,79280000,Prédio da antiga prefeitura
647,TO,Porto Nacional,PORTO NACIONAL - CENTRO,POLO DE APOIO PRESENCIAL DE PORTO NACIONAL,Rua Getúlio Vargas,,Centro,77013020,Esquina com a rua Bartolomeu Bueno
649,RO,Porto Velho,PORTO VELHO - CENTRO,CENTRO DE FORMACAO DE PROFISSIONAIS DA EDUCACAO,Rua José do Patrocinio,512,Centro,76801050,entre ruas Rogério Weber com Euclides da Cunha
650,GO,Posse,POSSE - CENTRO,POLO UAB - POSSE-GO,Rua:  DR. Antônio Marcos Gouveia,89,Centro,73900000,
651,SC,Pouso Redondo,POUSO REDONDO - PROGRESSO,POLO DE POUSO REDONDO,Avenida 1º de Maio,,Progresso,89172000,
652,SE,Propriá,PROPRIA - AMERICA,POLO PROF MANOEL FERREIRA ROCHA - PROPRIA,Rua América II,,America,49900000,
653,CE,Quiterianópolis,QUITERIANOPOLIS - SANTA CLARA,POLO DE EDUCACAO SEMIPRESENCIAL JOAO LOPES CAVALCANTE - UAB/QUITERIANOPOLIS,Avenida Santa Clara,s/n,Santa Clara,63650000,"Entrada da Cidade,proximo ao Posto SC"
656,PE,Recife,RECIFE - MADALENA,POLO MUNICIPAL ITINERANTE DO RECIFE,Rua Real da Torre,229,Madalena,50050390,
661,RJ,Rio das Flores,RIO DAS FLORES - CENTRO,POLO UAB - RIO DAS FLORES,Rua Cel. Eurico de Lacerda Castro,12,Centro,27660000,
662,RJ,Rio das Ostras,RIO DAS OSTRAS - ZONA ESPECIAL DE NEGOCIOS- ZEN,POLO RIO DAS OSTRAS,rua do Engenheiro,,Zona Especial de Negócios- ZEN,28890000,"quadra, f lt 9C"
664,PR,Rio Negro,RIO NEGRO - SEMINARIO,RIO NEGRO/PR,Rua Juvenal Ferreira Pinto,2070,Seminário,83880000,Prédio
667,RS,Rosário do Sul,ROSARIO DO SUL - CENTENARIO,POLO DE APOIO PRESENCIAL UAB DE ROSARIO DO SUL,AV. RAFAEL GONÇALVES,435,CENTENÁRIO,97590000,Anexo a Escola M. E. Fundamental PROF LEÃO WARREN
669,MA,Santa Inês,SANTA INES - SABBAK,UNIVERSIDADE ABERTA DO BRASIL ''VALE DO PINDARE E REGIAO'',RUA SANTA LUZIA ,55,SABBAK,65300000,
671,SP,Santa Isabel,SANTA ISABEL - TREZE DE MAIO,SANTA ISABEL-SP,Rua Fernandes Cardoso,240,Treze de Maio,7500000,Escola Municipal Oscar Ferreira de Godoy
672,AM,Santa Isabel do Rio Negro,SANTA ISABEL DO RIO NEGRO - SAO JUDAS TADEU,ESCOLA TEM. BRIGADEIRO EDUARDO GOMES,Avenida Eduardo Gomes,,São Judas Tadeu,69740000,
674,DF,Brasília,BRASILIA - SANTA MARIA,DF DIGITAL - SANTA MARIA,QUADRA CENTRAL 01 CONJUNTO H         ,8,SANTA MARIA,72535080,AVENIDA  ALAGADOS
677,MA,Santa Quitéria do Maranhão,SANTA QUITERIA DO MARANHAO - MUTIRAO,PE. AMERICO DE OLIVEIRA HENRIQUES,João de Deus,S/N,Mutirão,65540000,Rua
678,ES,Santa Teresa,SANTA TERESA - CENTRO,POLO UAB DE SANTA TERESA - CENTRO DE FORMACAO CONTINUADA DE PROFESSSORES,Avenida Jerônimo Vervloett,145,Centro,29650000,
683,MA,Santo Antônio dos Lopes,SANTO ANTONIO DOS LOPES - CENTRO,POLO UAB PROFESSORA CLAUDETE - SANTO ANTONIO DOS LOPES,Rua 07 de Setembro,,Centro,,
684,BA,Santo Estêvão,SANTO ESTEVAO - CENTRO,POLO DE APOIO PRESENCIAL -UAB  SANTO ESTEVAO-BA,Rua Desembargador Felinto Bastos,S/N,Centro,44190000,Escola Edivaldo Machado Boaventura
685,SP,Santos,SANTOS - VILA NOVA,POLO UAB-SANTOS,Rua Sete de Setembro,34,Vila Nova,11013350,
686,PB,São Bento,SAO BENTO - CICERO DIAS,POLO DE SAO BENTO,Rua Joaquim Ferreira Lúcio,213,Cícero Dias,58865000,
687,SC,São Bento do Sul,SAO BENTO DO SUL - CENTENARIO,POLO UAB - SAO BENTO DO SUL,Luiz Fernando Hastreiter,180,Centenário,89283081,
694,SP,São João da Boa Vista,SAO JOAO DA BOA VISTA - CENTRO,POLO REGIONAL DE EXCELENCIA TECNOLOGICA DE SAO JOAO DA BOA VISTA,Rua Riachuelo,444,Centro,13870234,
695,MG,São João da Ponte,SAO JOAO DA PONTE - INDUSTRIAL,POLO DA UAB-SAO JOAO DA PONTE,Travessa Antonio Magalhães,29,Industrial,39430000,Em frente ao Banco do Brasil/ Prédio da FUNIR
696,MA,São João dos Patos,SAO JOAO DOS PATOS - SAO RAIMUNDO,POLO DE APOIO PRESENCIALDE ENSINO SUPERIOR DE SAO JOAO DOS PATOS,Rua Hermes da Fonseca,s/n,SÃO RAIMUNDO,65665000,
697,SC,São José,SAO JOSE - FORQUILHINHAS,POLO UAB - SAO JOSE/SC,"Rua ""D""",s/n,Forquilhinhas,88106735,
698,AL,São José da Laje,SAO JOSE DA LAJE - NOVO CENTRO COMERCIAL,POLO UAB DE SAO JOSE DA LAJE,Rua Eneias Marinho,s/n,Novo Centro Comercial,57860000,
699,SP,São José do Rio Preto,SAO JOSE DO RIO PRETO - VILA IMPERIAL,POLO UAB - SAO JOSE DO RIO PRETO,Rua General Glicério,3947,Vila Imperial,15015400,
707,SC,São Miguel do Oeste,SAO MIGUEL DO OESTE - SAO GOTARDO,POLO UAB REGIONAL DE SAO MIGUEL DO OESTE,Rua São Cristovão,700,São Gotardo,89900000,
710,RS,São Sepé,SAO SEPE - CENTRO,POLO DE EDUCACAO SUPERIOR  SEPE TIARAJU - UAB - SAO SEPE,Rua Coronel Veríssimo,1177,Centro,97340000,
711,RS,Sapiranga,SAPIRANGA - CENTRO,POLO UNIVERSITARIO DE EDUCACAO A DISTANCIA  DE SAPIRANGA,Rua Padre Réus,273,centro,93800000,
712,RS,Sapucaia do Sul,SAPUCAIA DO SUL - PARAISO,POLO UAB - SAPUCAIA DO SUL,Atalibio Trindade Figueiredo,4,Paraiso,93220754,
713,PR,Sarandi,SARANDI - JARDIM INDEPENDENCIA III PARTE,POLO DE APOIO PRESENCIAL  DE SARANDI,Rua Castro Alves,3225,Jardim Independência III parte,87114090,
714,BA,Seabra,SEABRA - CENTRO,CENTRO EDUCACIONAL DE SEABRA - POLO UAB 18- SEABRA,Av. Franklin de Queiroz,595,Centro,46900000,
715,RS,Serafina Corrêa,SERAFINA CORREA - GRAMADINHO/ SANTA LUCIA,ESCOLA MUNICIPAL DE ENSINO FUDAMENTAL LEONORA MARCHIOR,Rua Minuano,135,Gramadinho/ Santa Lúcia,99250000,
716,SP,Serrana,SERRANA - JARDIM CRISTINA,OFICINA CULTURAL YOLANDA MINTO DUZZI,Rua Santa Cruz,1725,Jardim Cristina,14150000,
719,MG,Sete Lagoas,SETE LAGOAS - DISTRITO INDUSTRIAL,POLO DE APOIO PRESENCIAL DE SETE LAGOAS,Av. Prefeito Alberto Moura ,1111,Distrito Industrial,35702383,
721,BA,Sítio do Quinto,SITIO DO QUINTO - CENTRO,POLO UAB DE APOIO PRESENCIAL SITIO DO QUINTO-BA,Rua Eutímio Pedro de Santana,S/Nº,CENTRO,48565000,CASA
724,MT,Sorriso,SORRISO - CENTRO,SORRISO,Avenida Brasil ,850,Centro,78890000,Escola Ivete Lourdes Arenhardt
725,PE,Surubim,SURUBIM - SAO JOSE,UAB POLO SURUBIM,RUA FREI IBIAPINA,300,SÃO JOSÉ,55750000,PRÓXIMO AO PSF
726,PE,Tabira,TABIRA - JUREMINHA,TABIRA,Rua São Cristovão ,S/N,Jureminha,56780000,
727,PB,Taperoá,TAPEROA - ALTO DA CONCEICAO,UFPB - VIRTUAL UAB POLO TAPEROA,Rua Coronel Dorgival Vilar Filho,287,Alto da Conceição,58680000,Prédio
728,CE,Tauá,TAUA - COLIBRIS,POLO DE EDUCACAO SEMIPRESENCIAL DE TAUA/CEARA,Rua Antônio Benevides,1,Colibris,63660000,
729,AM,Tefé,TEFE - JURUA,POLO DE APOIO PRESENCIAL UAB/TEFE,Rua João Stéfano,625,Juruá,69470000,
731,PR,Telêmaco Borba,TELEMACO BORBA - NOSSA SENHORA DO PERPETUO SOCORRO-BNH,POLO UNIVERSITARIO DE APOIO PRESENCIAL DE  TELEMACO BORBA,Rua Guarani,s/n,Nossa Senhora do Perpétuo Socorro-BNH,84265150,Campus Universitárioi de Telêmaco Borba
733,MA,Timbiras,TIMBIRAS - CENTRO,UNIVERSIDADE MUNICIPAL ABERTA DE TIMBIRAS,Travessa das Flores,,Centro,65420970,
734,MG,Timóteo,TIMOTEO - CENTRO NORTE,POLO UAB DE TIMOTEO,Alameda 31 de Outubro,405,Centro Norte,35180014,
735,MG,Tiradentes,TIRADENTES - PARQUE DAS ABELHAS,POLO DE APOIO PRESENCIAL DE TIRADENTES,Rua José Batista de Carvalho,59,Parque Das Abelhas,36325000,
742,MG,Uberlândia,UBERLANDIA - BRASIL,POLO DE APOIO PRESENCIAL DE UBERLANDIA -UAB,Avenida Professor José Inácio de Souza,1958,Brasil,38400732,
744,PR,Umuarama,UMUARAMA - JARDIM SAO FERNANDES,POLO DE APOIO PRESENCIAL DE UMUARAMA,"Rua I, ",20-47,Jardim São Fernandes,87508176,
746,PI,União,UNIAO - SAO SEBASTIAO,UNIDADE ESCOLAR FENELON CASTELO BRANCO,Rua José Moita,s/nº,São Sebastião,64120000,
747,GO,Uruaçu,URUACU - CENTRO,POLO DE APOIO PRESENCIAL UAB DE URUACU - GO,Rua Coronel Aristides Ribeiro Freitas,s/n,Centro,76400000,Q. 09 lotes 22-28
748,MG,Urucuia,URUCUIA -  CENTRO,POLO UAB DE URUCUIA,Rodovia MG 202 Km 120,S/N, Centro,39315000,Referência Vila Olímpica
750,BA,Valença,VALENCA - URBIS,POLO UAB - VALENCA (FABS - FACULDADE ABERTA DO BAIXO SUL),"Caminho 08, rua A",1,Urbis,45400000,Colégio Estadual Jõao Cardoso dos Santos
751,PI,Valença do Piauí,VALENCA DO PIAUI - CENTRO,POLO DE APOIO PRESENCIAL DE VALENCA,Avenida 15 de Novembro,S/N,Centro,64300000,
753,ES,Venda Nova do Imigrante,VENDA NOVA DO IMIGRANTE - CENTRO,POLO MUNICIPAL  DE APOIO PRESENCIAL DA UAB-2,Avenida Evandi Américo Comarela,385,Centro,29375000,3º Piso Andar da Prefeitura Municipal VNI
757,RS,Vila Flores,VILA FLORES - CENTRO,POLO VILA FLORES,Rua Armando Criveletto,146,Centro,95334970,
762,BA,Vitória da Conquista,VITORIA DA CONQUISTA - RECREIO,POLO UAB VITORIA DA CONQUISTA,Rua Sifredo Pedral Sampaio ,s/n,Recreio,45020190,Antiga Escola Maria Viana - Antiga Rua 10 de Novembro
764,SP,Votorantim,VOTORANTIM - CENTRO,POLO DE APOIO PRESENCIAL UAB VOTORANTIM,Avenida Vereador Newton Vieira Soares,291,Centro,18110013,
765,SP,Votuporanga,VOTUPORANGA - VILA MUNIZ,POLO MUNICIPAL DE VOTUPORANGA - UAB,Rua Pernambuco,1736,Vila Muniz,15501095,
767,SC,Braço do Norte,BRACO DO NORTE - VILA NOVA,BRACO DO NORTE,Rua João Bloemer Filho,233,Vila Nova,88750000,Anexo a Escola Municipal Pedro Marcolino Guesser
768,MG,Buritizeiro,BURITIZEIRO - JARDIM DOS BURITIS,BURITIZEIRO,Rua Vinte,101,Jardim dos Buritis,39280000,
780,MA,São Luís,SAO LUIS - JARDIM RENASCENCA,POLO SAO LUIS,Rua das Andirobas,26,Jardim Renascença,65075040,
784,MT,Colíder,COLIDER - SANTA CLARA,CENTRO DE APOIO DE COLIDER PRO-LICENCIATURA I,Avenida Daury Riva,962,Santa Clara,78500000,Setor Norte
787,PE,Afrânio,AFRANIO - CENTRO,POLO DE AFRANIO,"Av.Dom Malan, ao lado da BR 407",s/n,Centro,56360000,
789,SC,Praia Grande,PRAIA GRANDE - CENTRO,POLO DE PRAIA GRANDE,Rua Alberto Santos,652,Centro,88990000,Esquina com Rua Geni de Souza
792,SC,Criciúma,CRICIUMA - COMERCIARIO,POLO UAB DE CRICIUMA,Rua da República,67,Comerciário,88802420,Colégio Estadual Sebastião Toledo dos Santos - Ala nova
793,SC,Joinville,JOINVILLE - CENTRO,POLO UAB DE JOINVILLE,Rua Luiz Niemeyer,54,Centro,89201060,8º andar
794,SC,Tubarão,TUBARAO - HUMAITA DE CIMA,POLO UAB DE TUBARAO,Rua Manoel Miguel Bittenourt,589,Humaitá de Cima,88708050,
796,PI,Avelino Lopes,AVELINO LOPES - CENTRO,POLO DE APOIO PRESENCIAL DA UAB/PI DE AVELINO LOPES - PIAUI,Praça Nossa Senhora das Mercês,,Centro,64965000,
797,PI,Jaicós,JAICOS - CENTRO,POLO DE APOIO PRESENCIAL DA UAB/PI DE JAICOS - PIAUI,Rua Deputado Constâncio Carvalho,,Centro,64575000,
798,PI,Pio IX,PIO IX - CENTRO,POLO DE APOIO PRESENCIAL DA UAB/PI DE PIO IX - PIAUI,Rua Alencar Aripe,S/N,Centro,64660000,
799,PI,Redenção do Gurguéia,REDENCAO DO GURGUEIA - SANTO ANTONIO,REDENCAO DO NOGUEIRA,RUA FRANCISCO NOGUEIRA,S/N,SANTO ANTONIO,64915000,
805,BA,Campo Alegre de Lourdes,CAMPO ALEGRE DE LOURDES - CENTRO,POLO UAB CAMPO ALEGRE DE LOURDES,Rua Castro Alves,,Centro,47220000,
808,BA,Macaúbas,MACAUBAS - ALTO ALEXANDRINO,POLO UAB MACAUBAS,Rua Veredinha,,Alto Alexandrino,46500000,
811,BA,Teixeira de Freitas,TEIXEIRA DE FREITAS - SAO JOSE,POLO UAB TEIXEIRA DE FREITAS,Praça Joana Angélica,250,São José,45996115,
813,BA,Juazeiro,JUAZEIRO - SAO GERALDO,POLO UAB JUAZEIRO,Agostinho Muniz,1010,São Geraldo,48905740,A
816,BA,Pintadas,PINTADAS - CENTRO,POLO UAB PINTADAS,Dom Mathias Schimt,s/n,Centro,44610000,Escola Municipal Zilda Dias da Silva
819,AL,Maceió,MACEIO - POCO,"INSTITUTO FEDERAL DE EDUCACAO,CIENCIA E TECNOLOGIA DE ALAGOAS -CAMPUS MACEIO",Rua Mizael Domingues,75,Poço,57020600,Campos do IFAL
820,AL,Arapiraca,ARAPIRACA - BOM SUCESSO,CAMPUS ARAPIRACA,Av. Manoel Severino Barbosa,s/n,Bom Sucesso,57309005,(RODOVIA AL-115)
821,AP,Oiapoque,OIAPOQUE - CENTRO,POLO INTERCAMBIO DA UNIVERSIDADE ABERTA DO BRASIL,Rua Lélio Silva ,719,Centro,68980000,
825,RN,Macau,MACAU - PORTO DE SAO PEDRO,POLO UAB DE MACAU,RUA PADRE JOÃO CLEMENTE,S/N,PORTO DE SÃO PEDRO,59500000,
826,RN,Nova Cruz,NOVA CRUZ - NOVA CRUZ,POLO UAB NOVA CRUZ,Rua Assis Chateaubriand,s/n,Nova Cruz,59215000,Campus Universitário da UFRN
829,RN,Currais Novos,CURRAIS NOVOS - CURRAIS NOVOS,POLO DE ENSINO A DISTâNCIA DE CURRAIS NOVOS,CERES - Campus de Currais Novos - Sitio Tororó,,Currais Novos,59380000,
830,RN,Caicó,CAICO - PENEDO,POLO UAB CAICO,Rua José Evaristo,S/N,Penedo,59300000,CERES- Centro de Ensino Superior de Seridó
833,TO,Pedro Afonso,PEDRO AFONSO - SETOR BELA VISTA 1,POLO DE EDUCACAO A DISTANCIA DE PEDRO AFONSO,RUA 05 SETOR BELA VISTA 01,,SETOR BELA VISTA 1,77710000,RUA SOUSA AGUIAR
834,TO,Guaraí,GUARAI - SETOR VANDERLITO,POLO DE EDUCACAO A DISTANCIA DE GUARAI,AVENIDA TOCANTINS,3113,Setor Vanderlito,77700000,
835,PB,João Pessoa,JOAO PESSOA - CENTRO,POLO DE APOIO PRESENCIAL UAB-UEPB CAMPUS V-JOAO PESSOA,Av. Coremas,332,Centro,58013430,
836,PB,Campina Grande,CAMPINA GRANDE - BAIRRO UNIVERSISTARIO,POLO DE APOIO PRESENCIAL UAB-UEPB CAMPINA GRANDE,Rua Joaquim Pereira do Santos,185,Bairro universistário,58429560,
837,PR,Ivaiporã,IVAIPORA - CENTRO,POLO UAB DE IVAIPORA,Praça Milton Pirolo ,385,centro,86870000,prédio
848,PR,Diamante do Norte,DIAMANTE DO NORTE - CRN UEM,POLO UAB DE DIAMANTE DO NORTE,Rodovia PR 182,,CRN UEM,87990000,"Km 01, caixa postal 13"
850,AM,Manaus,MANAUS - CACHOEIRINHA,POLO UAB CEPAN,Avenida Carvalho Leal,1777,Cachoeirinha,69065001,Escola Superior de Ciência da Saúde
852,PR,Céu Azul,CEU AZUL - CENTRO,POLO UAB DE CEU  AZUL,Rua Professor Daniel Muraro,958,Centro,85844000,
853,PR,São Mateus do Sul,SAO MATEUS DO SUL - CENTRO,POLO UAB DE SãO MATEUS DO SUL,Av: Ozy Mendonça de Lima,255,Centro,83900000,
854,PR,Prudentópolis,PRUDENTOPOLIS - BARRO PRETO,POLO UAB UNIVERSIDADE ESTADUAL DO CENTRO-OESTE-UNICENTRO,Av São João,692,Barro Preto,84400000,
855,PR,Dois Vizinhos,DOIS VIZINHOS - CENTRO,POLO UAB SECRETARIA MUNICIPAL DE EDUCACAO,Rua Dedi Barichelo Montagner,,Centro,85660000,
856,SC,Laguna,LAGUNA - PORTINHO,POLO UAB LAGUNA,Rua Vereador Rui Medeiros,,Portinho,88790000,
857,TO,Alvorada,ALVORADA - CENTRO,POLO DE EDUCAçãO A  DISTâNCIA DE ALVORADA,Avenida Peixe ,7,Centro,77480000,Jorge Figueiras
858,PR,Reserva,RESERVA - CENTRO,POLO UAB DE RESERVA,ARI BORBA CARNEIRO,927,CENTRO,84320000,
859,AL,Penedo,PENEDO - CONSTATINO ,"INSTITUTO FEDERAL DE EDUCACAO, CIENCIA E TECNOLOGIA DE ALAGOAS - CAMPUS PENEDO ",Rodovia Engenheiro Joaquim Gonçalves,2300,Constatino ,57200000,
860,TO,Araguaína,ARAGUAINA - BAIRRO DA CIMBA,POLO UAB DE ARAGUAINA,RUA PARAGUAI ESQ RUA UXIRAMES S/N,S/S,CIMBA,77814970,
861,RJ,Niterói,NITEROI - FONSECA,POLO UAB - NITEROI,Rua Soares Miranda,77,Fonseca,24130030,quinto andar
862,RJ,Barra do Piraí,BARRA DO PIRAI - QUIMICA,POLO UAB - BARRA DO PIRAI,Doutor Luís Alves Pereira,70,Química,27130140,
863,RJ,Belford Roxo,BELFORD ROXO - PARQUE COLONIAL (JARDIM DO IPE- LOTE XV),POLO UAB - BELFORD ROXO,Rua Isituba,s/n,Parque Colonial (Jardim do Ipê- Lote XV),26180100,
868,TO,Taguatinga,TAGUATINGA - SETOR NORTE,POLO DE EDUCACAO A DISTANCIA DE TAGUATINGA,Rua 11Qd 32 L 01,,Setor norte,77320000,
869,SE,São Cristóvão,SAO CRISTOVAO - ROZA ELZE,POLO DE APOIO PRESENCIAL DA UAB/UFS - SAO CRISTOVAO,Av Marechal Rondon,s/n,Roza Elze,49100000,Cidade Universitaria Prof. Aloisio Campos
872,PR,Ubiratã,UBIRATA - JARDIM SAO PAULO,POLO DE UBIRATA,Prolongamento da Avenida Yolanda Loureiro de Carvalho,1820,Jardim São Paulo,85440000,Prédio compartilhado com a Escola Municipal Professora Lucinéia Ricardo Braciforte.
876,SC,Campos Novos,CAMPOS NOVOS - CENTRO,CAMPOS NOVOS ,RUA CORONEL PEDRO CARLOS,803,Centro,89620000,
877,SC,Caçador,CACADOR - CENTRO,CACADOR,Rua Nereu Ramos,273,Centro,89500000,EEB Paulo Schieffer
878,PE,Carpina,CARPINA - SAO JOSE,ESCOLA JOSE DE LIMA JUNIOR ,Av. Agamenon Magalhães,s/n,São José,55815060,Térreo
879,PE,Petrolina,PETROLINA - VILA EDUARDO,NUCLEO DE TECNOLOGIA EDUCACIONAL  DE PETROLINA ,Monsenhor Ângelo Sampaio,Sn,Vila Eduarda,56300000,GRE - gerência regional de educação
880,PE,Palmares,PALMARES - CENTRO,NUCLEO DE TECNOLOGIA EDUCACIONAL DE PALMARES,Av. José Américo de Miranda,s/n,Centro,55540000,
881,PE,Floresta,FLORESTA - CENTRO,NUCLEO DE TECNOLOGIA EDUCACIONAL - NTE ,Av. Dep. Audomare Ferraz,65,Centro,56400000,Centro
884,SC,Ponte Serrada,PONTE SERRADA - BERTE,PONTE SERRADA,RUA JULIO COLETTI,s/n,Berté,89683000,
888,GO,Jussara,JUSSARA - SAO FRANCISCO,POLO DE APOIO PRESENCIAL EM JUSSARA,Rua W3 Esquina Almirante Barroso,s/n,São Francisco,76270000,Ao lado da Escola Estadual Colégio Dom Bosco
891,PE,Santa Cruz do Capibaribe,SANTA CRUZ DO CAPIBARIBE - CENTRO,ESCOLA PADRE ZUZINHA,Avenida 29 de Dezembro,258,Centro,55190000,
892,PE,Salgueiro,SALGUEIRO - NOSSA SENHORA DAS GRACAS,NTE  SALGUEIRO,Travessa Lourival Sampaio,395,Nossa Senhora das Graças,56000000,
893,PE,Aguas Belas,AGUAS BELAS - CENTRO,ESCOLA  JOAO RODRIGUES CARDOSO,Av. Cel. Alfredo Duarte,S/N,Centro,55340000,
894,PE,Cabrobó,CABROBO - CENTRO,ESCOLA SENADOR PAULO GUERRA,Rua: Dona Brígida de Alencar,S/N,Centro,56180000,
896,PE,Gravatá,GRAVATA - CENTRO,ESCOLA  PROFESSOR ANTONIO FARIAS,RUA QUINTINO BOCAIUVA. ,S/N,CENTRO,55640000,
907,PE,Ouricuri,OURICURI - ZONA URBANA,POLO DE APOIO PRESENCIAL EAD - OURICURI-PE,ESTRADA VICINAL AÇUDE  DO TAMBORIL,S/N,ZONA URBANA,56200000,
909,MG,Ubá,UBA - TRIANGULO,POLO DE APOIO PRESENCIAL DA UAB DE UBA-MG,Av. Olegário Maciel,,Triangulo,36500000,
918,MG,Bom Despacho,BOM DESPACHO - ANA ROSA,POLO DO CENTRO OESTE DA UAB,Avenida Ana Rosa,1555,Ana Rosa,35600000,
919,MG,Passos,PASSOS - PENHA,ESCOLA MUNICIPAL PROFESSSORA AMELIA JABACE,Travessa 18 de setembro,155,Penha,37903048,Escola Municipal Professora Amélia Jabace
921,MG,Aguas Formosas,AGUAS FORMOSAS - CENTRO,POLO UAB DE APOIO PRESENCIAL DE AGUAS FORMOSAS,Travessia São Pedro,185,Centro,39880000,
923,MG,Caratinga,CARATINGA - DARIO GROSSI,POLO UAB DE APOIO PRESENCIAL DE CARATINGA,Maria Alice de Paula,300,Dário Grossi,35304430,
924,MG,Cataguases,CATAGUASES - SANTA CLARA,POLO UAB DE APOIO PRESENCIAL DE CATAGUASES,Av. das Indústrias,450,Santa Clara,36771396,"1 andar, sala 17"
925,MG,Nanuque,NANUQUE - ROMILDA RUAS,POLO UAB DE APOIO PRESENCIAL DE NANUQUE,Rua Governador Valadares,529,Romilda Ruas,39860000,
926,MG,Padre Paraíso,PADRE PARAISO - CORONEL OLINTO VIEIRA,POLO UAB DE APOIO PRESENCIAL DE PADRE PARAISO,Rua do Clube,S/N,Coronel Olinto Vieira,39818000,
935,MG,Minas Novas,MINAS NOVAS - SANTA RITA,POLO UAB DE APOIO PRESENCIAL DE MINAS NOVAS ,RUA TRES,50,SANTA RITA,39650000,
938,MG,Varginha,VARGINHA - VILA BUENO,POLO UAB DE APOIO PRESENCIAL DE VARGINHA,Rua Esmeralda,102,Vila Bueno,37006580,Escola Marista Social Campanha
939,MG,Barão de Cocais,BARAO DE COCAIS - CIDADE NOVA,POLO UAB DE APOIO PRESENCIAL DE BARAO DE COCAIS,"Avenida 1, Rua 4",262,CIDADE NOVA,35970000,
944,MG,Diamantina,DIAMANTINA - CENTRO,POLO DE APOIO PRESENCIAL DE EDUCACAO A DISTANCIA DE DIAMANTINA-MG,Rua da Gloria ,469,Centro,39100000,
945,MG,Frutal,FRUTAL - UNIVERSITARIO,POLO UAB - FRUTAL (FRUTAL/MG),Av Professor Mario Palmério,1001,Universitário,38200000,Bloco B
946,MG,Ituiutaba,ITUIUTABA - CENTRO,POLO ITUIUTABA,Rua 26,425,Centro,38300080,
948,MG,Taiobeiras,TAIOBEIRAS - NOSSA SENHORA DE FATIMA,POLO UAB TAIOBEIRAS,Av. Nossa Senhora de Fátima,530,Nossa Senhora de Fátima,39550000,Escola Municipal João da Cruz Santos
949,MG,Turmalina,TURMALINA - VILA NOVA,POLO UAB - ESCOLA FAMÍLIA AGROINDUSTRIAL DE TURMALINA - EFAT,Rua Agenor Godinho,s/n,Vila Nova,39660000,
950,MG,Montes Claros,MONTES CLAROS - JK,POLO DE APOIO PRESENCIAL UAB DE MONTES CLAROS,Rua República do Uruguai,66,JK,39404021,
953,AL,Palmeira dos Índios,PALMEIRA DOS INDIOS - PALMEIRA DE FORA,"INSTITUTO FEDERAL DE EDUCACAO, CIENCIA E TECNOLOGIA DE ALAGOAS - CAMPUS PALMEIRA DOS INDIOS",Av. Alagoas,s/n,Palmeira de Fora,57602010,
955,CE,Acaraú,ACARAU - CENTRO,POLO DE ACARAU,Av. João Jaime Ferreira Gomes Filho,547,Centro,62580000,
965,MT,Cáceres,CACERES - MARACANAZINHO,POLO DE CACERES,Rua das Saracuras,S/N,Maracanãzinho,78200000,
975,RN,São Gonçalo do Amarante,SAO GONCALO DO AMARANTE - CONJUNTO AMARANTE,POLO DE SAO GONCALO DO AMARANTE,Rua Cajupiranga ,55,Conjunto Amarante,59290000,
978,PI,Anísio de Abreu,ANISIO DE ABREU - CENTRO,POLO DE ANISIO DE ABREU,Rua Manoel Ribeiro,s/n,Centro,64780000,
979,PI,Barras,BARRAS - CENTRO,POLO DE BARRAS,Rua Fenelon  Cstelo Branco ,s/n,Centro,64100000,
983,PI,Luís Correia,LUIS CORREIA - CENTRO,POLO DE LUIS CORREIA,Rua Afonso Serra ,605,Centro,64220000,
984,PI,Paes Landim,PAES LANDIM - CENTRO,POLO DE PAES LANDIM,Rua 13 de Maio,s/n,Centro,64710000,
987,PI,Regeneração,REGENERACAO - CENTRO,POLO DE REGENERACAO,Rua Gonçalo Nunes,297,Centro,64490000,
990,PI,Teresina,TERESINA - MATINHA,POLO DE TERESINA,Praça Firmina Sobreira - Rua Rui Barbosa,s/n,Matinha,64002190,
997,MT,Água Boa,AGUA BOA - TROPICAL,POLO DE AGUA BOA,Rua 01,2301,Tropical,78635000,
998,MT,Sapezal,SAPEZAL - CENTRO,POLO DE SAPEZAL ,Rua Cascudo esquina com Avenida Dourado,1049,Centro,78365000,
999,RS,Sarandi,SARANDI - SANTA GEMA,POLO UAB DE SARANDI/RS,avenida Santa Gema,,Santa Gema,99560000,
1000,RS,Santa Maria,SANTA MARIA - CAMOBI,POLO UAB DE SANTA MARIA/RS,Av. Roraima,1000,Camobi,97105900,Predio 14
1003,RS,Palmeira das Missões,PALMEIRA DAS MISSOES - VISTA ALEGRE,POLO UAB DE PALMEIRA DAS MISSOES ,Av. Independência ,3751,Vista Alegre,98300000,
1004,CE,Redenção,REDENCAO - CENTRO,REDENCAO,Avenida da Abolição,3,Centro,62790000,Campus Liberdade
1006,BA,São Francisco do Conde,SAO FRANCISCO DO CONDE - CENTRO,SAO FRANCISCO DO CONDE ,Av. Juvenal Eugênio de Queiroz,,Centro,43900000,Campus UNILAB SFC
1007,MT,Arenápolis,ARENAPOLIS - VILA NOVA,POLO ARENAPOLIS,Rua Castelo Branco,,Vila Nova,78420000,
1008,MT,Comodoro,COMODORO - NOVA VACARIA,POLO COMODORO,Rua José Camilo Laurindo ,353-S,Nova Vacaria,78310000,Centro Municipal de Educação Básica
1009,MT,Campo Verde,CAMPO VERDE - CENTRO,POLO DE CAMPO VERDE,Av. Brasília,1010,Centro,78840000,
1010,GO,Cavalcante,CAVALCANTE - CENTRO,POLO UAB EM CAVALCANTE,Rua Guilhermino Magalhães - Quadra 27,228,Centro,73790000,Casa do Aprendiz
1012,AL,Delmiro Gouveia,DELMIRO GOUVEIA - CIDADE UNIVERSITARIA,POLO UAB EM DELMIRO GOUVEIA,"RODOVIA AL 145, KM 03",3849,CIDADE UNIVERSITÁRIA,57480000,
1013,RS,Imbé,IMBE - CENTRO,POLO UAB EM IMBE,Av. Tramandaí,976,Centro,95625000,
1014,RS,Porto Alegre,PORTO ALEGRE - AGRONOMIA,POLO UAB EM PORTO ALEGRE,Av. Bento Gonçalves,9500,Agronomia,91509900,Universidade Federal do Rio Grande do Sul - Campus do Vale
1018,SP,São Paulo,SAO PAULO - JARDIM ESMERALDA,CEU BUTANTA,Avenida Engenheiro Heitor Antônio Eiras Garcia,1870,JARDIM ESMERALDA,5588001,
1020,SP,São Paulo,SAO PAULO - SAO JOAO CLIMACO,CEU MENINOS,Barbinos,,São João Clímaco,4240110,
1021,SP,São Paulo,SAO PAULO - JARAGUA,CEU VILA ATLANTICA,Coronel José Venâncio Dias,,Jaraguá,5160030,
1022,SP,São Paulo,SAO PAULO - JARDIM SANTA LUCRECIA,CEU PERA MARMELO,Pêra-Marmelo,226,Jardim Santa Lucrécia,5185420,
1023,SP,São Paulo,SAO PAULO - JARDIM GUAPIRA,CEU JACANA,Antônio César Neto,105,Jardim Guapira,2274100,
1024,SP,São Paulo,SAO PAULO - BALNEARIO SAO FRANCISCO,CEU ALVARENGA,do Alvarenga,,Balneário São Francisco,4474340,- de 2701/2702 ao fim
1025,SP,São Paulo,SAO PAULO - JARDIM SAO ROBERTO,CEU ROSA DA CHINA,Clara Petrela,,Jardim São Roberto,3978500,
1026,SP,São Paulo,SAO PAULO - JARDIM PAULISTANO (ZONA NORTE),CEU JARDIM PAULISTANO,Aparecida do Taboado,,Jardim Paulistano (Zona Norte),2814000,
1027,SP,São Paulo,SAO PAULO - CANGAIBA,CEU QUINTA DO SOL,Luiz Imparato,,Cangaíba,3819160,
1028,SP,São Paulo,SAO PAULO - VILA ARICANDUVA,CEU ARICANDUVA,Aricanduva,,Vila Aricanduva,3527000,Err:509
1029,SP,São Paulo,SAO PAULO - INTERLAGOS,CEU CIDADE DUTRA,Interlagos,7350,Interlagos,4777000,- de 4502 ao fim - lado par
1030,SP,São Paulo,SAO PAULO - JARDIM SAO CARLOS (ZONA LESTE),CEU PARQUE SAO CARLOS,Clarear,141,Jardim São Carlos (Zona Leste),8062590,
1031,SP,São Paulo,SAO PAULO - JARDIM MIRANGAIA,CEU VILA CURUCA,Marechal Tito,3400,Jardim Mirangaia,8115000,- de 4050 ao fim - lado par
1032,SP,São Paulo,SAO PAULO - CHACARA DONA OLIVIA,CEU PARQUE VAREDAS,Daniel Muller,347,Chácara Dona Olívia,8141290,
1033,SP,São Paulo,SAO PAULO - JARDIM MORENO,CEU JAMBEIRO,Flores do Jambeiro,,Jardim Moreno,8430810,
1034,SP,São Paulo,SAO PAULO - CIDADE TIRADENTES,CEU AGUA AZUL,dos Metalúrgicos,1262,Cidade Tiradentes,8471000,- até 1789/1790
1035,SP,São Paulo,SAO PAULO - VILA DAS BELEZAS,CEU CASA BLANCA,João Damasceno,,Vila das Belezas,5841160,
1036,SP,São Paulo,SAO PAULO - PIRAJUSSARA,CEU CAMPO LIMPO,Carlos Lacerda,678,Pirajussara,5789000,- até 679/680
1051,AL,Matriz de Camaragibe,MATRIZ DE CAMARAGIBE - CENTRO,MATRIZ DE CAMARAGIBE,Avenida Antônio Manoel dos Santos,S/N,CENTRO,57910000,Próximo a Subestação Eletrobrás
1052,MT,Aripuanã,ARIPUANA - CENTRO,prefeitura municipal de aripuanã,Pastor Alfredo Nogueira,607,CENTRO,78325000,
1053,ES,Montanha,MONTANHA - CENTRO,POLO UAB DE MONTANHA,Av. Getulio Vargas,436,CENTRO,29890000,
1055,MS,Campo Grande,CAMPO GRANDE - VILA IPIRANGA,POLO DE APOIO PRESENCIAL DE CAMPO GRANDE I,Senador Filinto Muller,1555,Vila Ipiranga,79074460,- de 932/933 ao fim
1062,SC,Lages,LAGES - GETHAL,POLO DE ENSINO A DISTANCIA DA UNIVERSIDADE FEDERAL DE SANTA CATARINA - UFSC DE LAGES,Rua Independência,245,GETHAL,88520400,Proximo ao Sesi
1065,PR,Pontal do Paraná,PONTAL DO PARANA - BALNEARIO ATAMI,POLO DE APOIO PRESENCIAL DE PONTAL DO PARANA ,Avenida Espanha,S/N,BALNEARIO ATAMI,83255000,
1066,PR,Santo Antônio do Sudoeste,SANTO ANTONIO DO SUDOESTE - CENTRO,POLO DA FRONTEIRA - UNIVERSIDADE ABERTA DO BRASIL DE SANTO ANTONIO DO SUDOESTE,RUA PRESIDENTE VARGAS,621,CENTRO,85710000,
1067,RN,Mossoró,MOSSORO - ALTO DE SAO MANOEL,POLO MOSSORO ,Raimundo Firmino de Oliveira,400,Alto de São Manoel,59628330,
1072,SC,Joaçaba,JOACABA - CENTRO,POLO DE JOACABA,Rua Roberto Trompowsky,88,CENTRO,89600000,
1075,BA,Capim Grosso,CAPIM GROSSO - JARDIM ARAUJO,POLO DA UNIVERSIDADE ABERTA DO BRASIL EM CAPIM GROSSO,Rua Jacobina,,JARDIM ARAUJO,44695000,Anexo à escola Francisco Machado
1076,SP,São José dos Campos,SAO JOSE DOS CAMPOS - SANTANA,POLO UAB DE SAO JOSE DOS CAMPOS,Avenida Olivo Gomes,250,Santana,12211115,
1078,SC,Canelinha,CANELINHA - AREIAO,POLO UAB DE CANELINHA,RUA PREFEITO SILVESTRE NUNES JUNIOR,901,AREIAO,88230000,
1080,RS,Esteio,ESTEIO - PARQUE AMADOR,POLO UAB-ESTEIO,Rua Alegrete,455,Parque Amador,93280060,
1082,BA,Rio Real,RIO REAL - ESTADUAL,ESCOLA MUNICIPAL DJALMA FARIA DE OLIVEIRA,Loteamento Bela Vista ,,ESTADUAL,48330000,
1087,BA,Ipirá,IPIRA - SETE DE JULHO,POLO UNIVERSIDADE ABERTA DO BRASIL - UAB IPIRA-BA,RUA MANOEL OLIVEIRA  E SILVA,147,SETE DE JULHO               ,44600000,CAMPUS UNIVERSITÁRIO
1089,PR,Iretama,IRETAMA - CENTRO,POLO UAB IRETAMA,Avenida Paraná,87,CENTRO,87280000,Prédio
1090,PR,Arapongas,ARAPONGAS - CENTRO,POLO UAB ARAPONGAS,Rua Pavão,26,Centro,86700245,
1091,MS,Japorã,JAPORA - CENTRO,TEKOHA GUARANI POLO - EXTENSAO CHAMOI PO`I - JOAQUIM MARTINS,RESERVA ALDEIA PORTO LINDO,,CENTRO,79985000,
1123,BA,Teodoro Sampaio,TEODORO SAMPAIO - CENTRO,POLO TEODORO SAMPAIO,Av Presidente castelo Branco,253,CENTRO,44280000,
1125,BA,Sapeaçu,SAPEACU - CENTRO,POLO SAPEACU,Rua da Vitória,,CENTRO,44530000,
1131,PR,Guarapuava,GUARAPUAVA - INDUSTRIAL,POLO UAB GUARAPUAVA,Rua Vereador Osvaldo Camilo Mendes,200,Industrial,85053016,
